DateTime,Utilization Rate(Gbps),Downstream Bandwidth Utilized
2021-01-30 00:00 Sat,0.019,8.73
2021-01-30 01:00 Sat,0.014,6.13
2021-01-30 02:00 Sat,0.007,3.12
2021-01-30 03:00 Sat,0.001,0.25
2021-01-30 04:00 Sat,0.001,0.41
2021-01-30 05:00 Sat,0,0.2
2021-01-30 06:00 Sat,0.005,2.1
2021-01-30 07:00 Sat,0.005,2.21
2021-01-30 08:00 Sat,0.006,2.78
2021-01-30 09:00 Sat,0.009,4.21
2021-01-30 10:00 Sat,0.018,8.29
2021-01-30 11:00 Sat,0.015,6.54
2021-01-30 12:00 Sat,0.016,7.18
2021-01-30 13:00 Sat,0.019,8.71
2021-01-30 14:00 Sat,0.005,2.27
2021-01-30 15:00 Sat,0.019,8.73
2021-01-30 16:00 Sat,0.031,14.03
2021-01-30 17:00 Sat,0.039,17.4
2021-01-30 18:00 Sat,0.052,23.52
2021-01-30 19:00 Sat,0.051,22.76
2021-01-30 20:00 Sat,0.092,41.24
2021-01-30 21:00 Sat,0.095,42.6
2021-01-30 22:00 Sat,0.047,21.07
2021-01-30 23:00 Sat,0.044,19.66
2021-01-31 00:00 Sun,0.028,12.44
2021-01-31 01:00 Sun,0.022,10.06
2021-01-31 02:00 Sun,0.019,8.47
2021-01-31 03:00 Sun,0.017,7.49
2021-01-31 04:00 Sun,0.019,8.74
2021-01-31 05:00 Sun,0.017,7.56
2021-01-31 06:00 Sun,0.015,6.59
2021-01-31 07:00 Sun,0.024,10.89
2021-01-31 08:00 Sun,0.025,11.32
2021-01-31 09:00 Sun,0.014,6.22
2021-01-31 10:00 Sun,0.015,6.6
2021-01-31 11:00 Sun,0.017,7.44
2021-01-31 12:00 Sun,0.023,10.46
2021-01-31 13:00 Sun,0.025,11.31
2021-01-31 14:00 Sun,0.053,23.71
2021-01-31 15:00 Sun,0.037,16.61
2021-01-31 16:00 Sun,0.051,22.83
2021-01-31 17:00 Sun,0.043,19.49
2021-01-31 18:00 Sun,0.032,14.33
2021-01-31 19:00 Sun,0.039,17.62
2021-01-31 20:00 Sun,0.039,17.58
2021-01-31 21:00 Sun,0.053,23.9
2021-01-31 22:00 Sun,0.052,23.4
2021-01-31 23:00 Sun,0.036,16.17
2021-02-01 00:00 Mon,0,0
2021-02-01 01:00 Mon,0,0
2021-02-01 02:00 Mon,0,0
2021-02-01 03:00 Mon,0,0
2021-02-01 04:00 Mon,0,0
2021-02-01 05:00 Mon,0,0.03
2021-02-01 06:00 Mon,0.002,0.79
2021-02-01 07:00 Mon,0.005,2.25
2021-02-01 08:00 Mon,0,0
2021-02-01 09:00 Mon,0,0
2021-02-01 10:00 Mon,0,0
2021-02-01 11:00 Mon,0,0
2021-02-01 12:00 Mon,0,0
2021-02-01 13:00 Mon,0,0
2021-02-01 14:00 Mon,0,0
2021-02-01 15:00 Mon,0,0
2021-02-01 16:00 Mon,0,0
2021-02-01 17:00 Mon,0,0
2021-02-01 18:00 Mon,0,0
2021-02-01 19:00 Mon,0,0
2021-02-01 20:00 Mon,0,0
2021-02-01 21:00 Mon,0,0
2021-02-01 22:00 Mon,0,0
2021-02-01 23:00 Mon,0,0
2021-02-02 00:00 Tue,0.014,6.32
2021-02-02 01:00 Tue,0.008,3.44
2021-02-02 02:00 Tue,0.002,1.03
2021-02-02 03:00 Tue,0.008,3.66
2021-02-02 04:00 Tue,0.002,0.85
2021-02-02 05:00 Tue,0.009,3.85
2021-02-02 06:00 Tue,0.006,2.57
2021-02-02 07:00 Tue,0.01,4.35
2021-02-02 08:00 Tue,0.013,5.87
2021-02-02 09:00 Tue,0.006,2.71
2021-02-02 10:00 Tue,0.012,5.41
2021-02-02 11:00 Tue,0.008,3.79
2021-02-02 12:00 Tue,0.011,4.82
2021-02-02 13:00 Tue,0.007,3.21
2021-02-02 14:00 Tue,0.01,4.68
2021-02-02 15:00 Tue,0.05,22.55
2021-02-02 16:00 Tue,0.042,18.79
2021-02-02 17:00 Tue,0.047,20.93
2021-02-02 18:00 Tue,0.046,20.85
2021-02-02 19:00 Tue,0.084,37.92
2021-02-02 20:00 Tue,0.091,40.95
2021-02-02 21:00 Tue,0.101,45.34
2021-02-02 22:00 Tue,0.06,27.03
2021-02-02 23:00 Tue,0.065,29.36
2021-02-03 00:00 Wed,,
2021-02-03 01:00 Wed,,
2021-02-03 02:00 Wed,,
2021-02-03 03:00 Wed,,
2021-02-03 04:00 Wed,,
2021-02-03 05:00 Wed,,
2021-02-03 06:00 Wed,,
2021-02-03 07:00 Wed,,
2021-02-03 08:00 Wed,,
2021-02-03 09:00 Wed,,
2021-02-03 10:00 Wed,,
2021-02-03 11:00 Wed,,
2021-02-03 12:00 Wed,,
2021-02-03 13:00 Wed,,
2021-02-03 14:00 Wed,,
2021-02-03 15:00 Wed,,
2021-02-03 16:00 Wed,,
2021-02-03 17:00 Wed,,
2021-02-03 18:00 Wed,,
2021-02-03 19:00 Wed,,
2021-02-03 20:00 Wed,,
2021-02-03 21:00 Wed,,
2021-02-03 22:00 Wed,,
2021-02-03 23:00 Wed,,
2021-02-04 00:00 Thu,0.016,7.19
2021-02-04 01:00 Thu,0.013,5.64
2021-02-04 02:00 Thu,0.011,5.02
2021-02-04 03:00 Thu,0.004,1.96
2021-02-04 04:00 Thu,0.004,1.97
2021-02-04 05:00 Thu,0.003,1.22
2021-02-04 06:00 Thu,0.005,2.42
2021-02-04 07:00 Thu,0.007,3.18
2021-02-04 08:00 Thu,0.004,1.76
2021-02-04 09:00 Thu,0.002,1.07
2021-02-04 10:00 Thu,0.004,2.02
2021-02-04 11:00 Thu,0.006,2.51
2021-02-04 12:00 Thu,0.005,2.47
2021-02-04 13:00 Thu,0.005,2.25
2021-02-04 14:00 Thu,0.005,2.13
2021-02-04 15:00 Thu,0.009,4.22
2021-02-04 16:00 Thu,0.028,12.38
2021-02-04 17:00 Thu,0.019,8.55
2021-02-04 18:00 Thu,0.013,5.76
2021-02-04 19:00 Thu,0.011,4.84
2021-02-04 20:00 Thu,0.005,2.4
2021-02-04 21:00 Thu,0.01,4.6
2021-02-04 22:00 Thu,0.01,4.55
2021-02-04 23:00 Thu,0.011,5.16
2021-02-05 00:00 Fri,0.007,3.1
2021-02-05 01:00 Fri,0.023,10.43
2021-02-05 02:00 Fri,0.056,25.03
2021-02-05 03:00 Fri,0.009,4.05
2021-02-05 04:00 Fri,0.006,2.55
2021-02-05 05:00 Fri,0.012,5.31
2021-02-05 06:00 Fri,0.016,7.07
2021-02-05 07:00 Fri,0.024,10.84
2021-02-05 08:00 Fri,0.035,15.76
2021-02-05 09:00 Fri,-1.215,-546.68
2021-02-05 10:00 Fri,0.035,15.93
2021-02-05 11:00 Fri,0.046,20.8
2021-02-05 12:00 Fri,0.036,16.16
2021-02-05 13:00 Fri,0.038,17.32
2021-02-05 14:00 Fri,0.033,14.68
2021-02-05 15:00 Fri,0.033,14.87
2021-02-05 16:00 Fri,0.047,21.31
2021-02-05 17:00 Fri,0.214,96.08
2021-02-05 18:00 Fri,0.066,29.81
2021-02-05 19:00 Fri,0.057,25.86
2021-02-05 20:00 Fri,0.054,24.5
2021-02-05 21:00 Fri,0.053,23.92
2021-02-05 22:00 Fri,0.072,32.18
2021-02-05 23:00 Fri,0.032,14.49
2021-02-06 00:00 Sat,,
2021-02-06 01:00 Sat,,
2021-02-06 02:00 Sat,,
2021-02-06 03:00 Sat,,
2021-02-06 04:00 Sat,,
2021-02-06 05:00 Sat,,
2021-02-06 06:00 Sat,,
2021-02-06 07:00 Sat,,
2021-02-06 08:00 Sat,0.012,5.37
2021-02-06 09:00 Sat,0.015,6.54
2021-02-06 10:00 Sat,0.019,8.46
2021-02-06 11:00 Sat,0.025,11.35
2021-02-06 12:00 Sat,0.02,9.1
2021-02-06 13:00 Sat,0.04,18.14
2021-02-06 14:00 Sat,0.048,21.47
2021-02-06 15:00 Sat,0.038,17.13
2021-02-06 16:00 Sat,0.041,18.32
2021-02-06 17:00 Sat,0.042,18.9
2021-02-06 18:00 Sat,0.039,17.73
2021-02-06 19:00 Sat,0.107,48.37
2021-02-06 20:00 Sat,,
2021-02-06 21:00 Sat,,
2021-02-06 22:00 Sat,0.013,5.75
2021-02-06 23:00 Sat,0.028,12.44
2021-02-07 00:00 Sun,0,0.03
2021-02-07 01:00 Sun,0,0.06
2021-02-07 02:00 Sun,0,0.03
2021-02-07 03:00 Sun,0,0.02
2021-02-07 04:00 Sun,0,0.04
2021-02-07 05:00 Sun,0.001,0.59
2021-02-07 06:00 Sun,0.002,0.8
2021-02-07 07:00 Sun,0,0.06
2021-02-07 08:00 Sun,0,0.14
2021-02-07 09:00 Sun,0.001,0.36
2021-02-07 10:00 Sun,0,0
2021-02-07 11:00 Sun,0,0
2021-02-07 12:00 Sun,0,0
2021-02-07 13:00 Sun,0,0
2021-02-07 14:00 Sun,0,0
2021-02-07 15:00 Sun,0,0
2021-02-07 16:00 Sun,0,0
2021-02-07 17:00 Sun,0,0
2021-02-07 18:00 Sun,0,0
2021-02-07 19:00 Sun,0,0
2021-02-07 20:00 Sun,0,0
2021-02-07 21:00 Sun,0,0
2021-02-07 22:00 Sun,0,0
2021-02-07 23:00 Sun,0,0
2021-02-08 00:00 Mon,0,0
2021-02-08 01:00 Mon,0,0
2021-02-08 02:00 Mon,0,0
2021-02-08 03:00 Mon,0,0
2021-02-08 04:00 Mon,0,0
2021-02-08 05:00 Mon,0,0
2021-02-08 06:00 Mon,0,0
2021-02-08 07:00 Mon,0,0
2021-02-08 08:00 Mon,0,0
2021-02-08 09:00 Mon,0,0
2021-02-08 10:00 Mon,0,0
2021-02-08 11:00 Mon,0,0
2021-02-08 12:00 Mon,0,0
2021-02-08 13:00 Mon,0,0
2021-02-08 14:00 Mon,0,0
2021-02-08 15:00 Mon,0,0
2021-02-08 16:00 Mon,0,0
2021-02-08 17:00 Mon,0,0
2021-02-08 18:00 Mon,0,0
2021-02-08 19:00 Mon,0,0
2021-02-08 20:00 Mon,0,0
2021-02-08 21:00 Mon,0,0
2021-02-08 22:00 Mon,0,0
2021-02-08 23:00 Mon,0,0
2021-02-09 00:00 Tue,0,0
2021-02-09 01:00 Tue,0,0
2021-02-09 02:00 Tue,0,0
2021-02-09 03:00 Tue,0,0
2021-02-09 04:00 Tue,0,0
2021-02-09 05:00 Tue,0,0
2021-02-09 06:00 Tue,0,0
2021-02-09 07:00 Tue,0,0
2021-02-09 08:00 Tue,0,0
2021-02-09 09:00 Tue,0,0
2021-02-09 10:00 Tue,0,0
2021-02-09 11:00 Tue,0,0
2021-02-09 12:00 Tue,0,0
2021-02-09 13:00 Tue,0,0
2021-02-09 14:00 Tue,0,0
2021-02-09 15:00 Tue,0,0
2021-02-09 16:00 Tue,0,0
2021-02-09 17:00 Tue,0,0
2021-02-09 18:00 Tue,0,0
2021-02-09 19:00 Tue,0,0
2021-02-09 20:00 Tue,0,0
2021-02-09 21:00 Tue,0,0
2021-02-09 22:00 Tue,0,0
2021-02-09 23:00 Tue,0,0
2021-02-10 00:00 Wed,0.019,8.43
2021-02-10 01:00 Wed,0.004,1.92
2021-02-10 02:00 Wed,0.003,1.36
2021-02-10 03:00 Wed,0.003,1.53
2021-02-10 04:00 Wed,0.002,0.87
2021-02-10 05:00 Wed,0.003,1.36
2021-02-10 06:00 Wed,0.006,2.88
2021-02-10 07:00 Wed,0.012,5.46
2021-02-10 08:00 Wed,0.014,6.36
2021-02-10 09:00 Wed,0.018,7.96
2021-02-10 10:00 Wed,0.028,12.76
2021-02-10 11:00 Wed,0.025,11.35
2021-02-10 12:00 Wed,0.024,10.8
2021-02-10 13:00 Wed,0.019,8.43
2021-02-10 14:00 Wed,0.028,12.43
2021-02-10 15:00 Wed,0.041,18.53
2021-02-10 16:00 Wed,0.033,14.92
2021-02-10 17:00 Wed,0.018,8.11
2021-02-10 18:00 Wed,0.026,11.62
2021-02-10 19:00 Wed,0.03,13.32
2021-02-10 20:00 Wed,0.026,11.63
2021-02-10 21:00 Wed,0.034,15.09
2021-02-10 22:00 Wed,0.055,24.91
2021-02-10 23:00 Wed,0.048,21.7
2021-02-11 00:00 Thu,0.011,4.86
2021-02-11 01:00 Thu,0.004,1.94
2021-02-11 02:00 Thu,0.004,1.83
2021-02-11 03:00 Thu,0.003,1.45
2021-02-11 04:00 Thu,0.006,2.63
2021-02-11 05:00 Thu,0.008,3.48
2021-02-11 06:00 Thu,0.004,1.77
2021-02-11 07:00 Thu,0.011,4.76
2021-02-11 08:00 Thu,0.01,4.7
2021-02-11 09:00 Thu,0.007,3.16
2021-02-11 10:00 Thu,0.007,3.27
2021-02-11 11:00 Thu,0.015,6.82
2021-02-11 12:00 Thu,0.006,2.91
2021-02-11 13:00 Thu,0.007,3.33
2021-02-11 14:00 Thu,0.005,2.12
2021-02-11 15:00 Thu,0.013,5.71
2021-02-11 16:00 Thu,0.013,5.98
2021-02-11 17:00 Thu,0.009,3.93
2021-02-11 18:00 Thu,0.019,8.42
2021-02-11 19:00 Thu,0.02,8.9
2021-02-11 20:00 Thu,0.023,10.35
2021-02-11 21:00 Thu,0.029,13.13
2021-02-11 22:00 Thu,0.028,12.78
2021-02-11 23:00 Thu,0.028,12.48
2021-02-12 00:00 Fri,0.029,13.15
2021-02-12 01:00 Fri,0.025,11.18
2021-02-12 02:00 Fri,0.019,8.43
2021-02-12 03:00 Fri,0.018,8.05
2021-02-12 04:00 Fri,0.045,20.34
2021-02-12 05:00 Fri,0.017,7.85
2021-02-12 06:00 Fri,0.022,9.88
2021-02-12 07:00 Fri,0.03,13.6
2021-02-12 08:00 Fri,0.036,15.99
2021-02-12 09:00 Fri,0.03,13.65
2021-02-12 10:00 Fri,0.04,18.22
2021-02-12 11:00 Fri,0.045,20.28
2021-02-12 12:00 Fri,0.042,18.9
2021-02-12 13:00 Fri,0.049,22.26
2021-02-12 14:00 Fri,0.038,17
2021-02-12 15:00 Fri,0.059,26.71
2021-02-12 16:00 Fri,0.06,26.99
2021-02-12 17:00 Fri,0.065,29.33
2021-02-12 18:00 Fri,0.06,26.87
2021-02-12 19:00 Fri,0.081,36.56
2021-02-12 20:00 Fri,0.051,23.17
2021-02-12 21:00 Fri,0.046,20.84
2021-02-12 22:00 Fri,0.043,19.49
2021-02-12 23:00 Fri,0.018,7.91
2021-02-13 00:00 Sat,0,0.04
2021-02-13 01:00 Sat,0,0.03
2021-02-13 02:00 Sat,0,0.03
2021-02-13 03:00 Sat,0.003,1.18
2021-02-13 04:00 Sat,0.004,2.01
2021-02-13 05:00 Sat,0.004,2
2021-02-13 06:00 Sat,0.005,2.38
2021-02-13 07:00 Sat,0.005,2.33
2021-02-13 08:00 Sat,0.006,2.49
2021-02-13 09:00 Sat,0.007,3.35
2021-02-13 10:00 Sat,0.002,0.79
2021-02-13 11:00 Sat,0.004,1.93
2021-02-13 12:00 Sat,0.001,0.33
2021-02-13 13:00 Sat,0.001,0.47
2021-02-13 14:00 Sat,0.007,2.94
2021-02-13 15:00 Sat,0.008,3.47
2021-02-13 16:00 Sat,0.005,2.3
2021-02-13 17:00 Sat,0.009,4.16
2021-02-13 18:00 Sat,0.008,3.68
2021-02-13 19:00 Sat,0.007,3
2021-02-13 20:00 Sat,0.005,2.15
2021-02-13 21:00 Sat,0.009,4.21
2021-02-13 22:00 Sat,0.001,0.66
2021-02-13 23:00 Sat,0,0.02
2021-02-14 00:00 Sun,0.014,6.23
2021-02-14 01:00 Sun,0.008,3.65
2021-02-14 02:00 Sun,0.008,3.46
2021-02-14 03:00 Sun,0.005,2.37
2021-02-14 04:00 Sun,0.005,2.24
2021-02-14 05:00 Sun,0.01,4.64
2021-02-14 06:00 Sun,0.019,8.53
2021-02-14 07:00 Sun,0.023,10.42
2021-02-14 08:00 Sun,0.03,13.35
2021-02-14 09:00 Sun,0.027,12.19
2021-02-14 10:00 Sun,0.044,20.01
2021-02-14 11:00 Sun,0.049,21.94
2021-02-14 12:00 Sun,0.081,36.47
2021-02-14 13:00 Sun,0.042,18.81
2021-02-14 14:00 Sun,0.057,25.86
2021-02-14 15:00 Sun,0.068,30.8
2021-02-14 16:00 Sun,0.084,37.93
2021-02-14 17:00 Sun,0.079,35.72
2021-02-14 18:00 Sun,0.092,41.32
2021-02-14 19:00 Sun,0.093,41.81
2021-02-14 20:00 Sun,0.083,37.33
2021-02-14 21:00 Sun,0.071,31.94
2021-02-14 22:00 Sun,0.056,25.12
2021-02-14 23:00 Sun,0.058,25.97
2021-02-15 00:00 Mon,0,0
2021-02-15 01:00 Mon,0,0.01
2021-02-15 02:00 Mon,0,0
2021-02-15 03:00 Mon,0,0
2021-02-15 04:00 Mon,0,0
2021-02-15 05:00 Mon,0,0
2021-02-15 06:00 Mon,0,0
2021-02-15 07:00 Mon,0,0.01
2021-02-15 08:00 Mon,0,0.2
2021-02-15 09:00 Mon,0,0.02
2021-02-15 10:00 Mon,0,0
2021-02-15 11:00 Mon,0,0.12
2021-02-15 12:00 Mon,0.003,1.22
2021-02-15 13:00 Mon,0.002,1.07
2021-02-15 14:00 Mon,0,0.09
2021-02-15 15:00 Mon,0,0.06
2021-02-15 16:00 Mon,0,0.05
2021-02-15 17:00 Mon,0,0.12
2021-02-15 18:00 Mon,0.003,1.15
2021-02-15 19:00 Mon,0.003,1.45
2021-02-15 20:00 Mon,0,0
2021-02-15 21:00 Mon,0,0.02
2021-02-15 22:00 Mon,0,0.08
2021-02-15 23:00 Mon,0,0
2021-02-16 00:00 Tue,0.017,7.64
2021-02-16 01:00 Tue,0.014,6.48
2021-02-16 02:00 Tue,0.007,3.28
2021-02-16 03:00 Tue,0.001,0.48
2021-02-16 04:00 Tue,0.001,0.3
2021-02-16 05:00 Tue,0.01,4.31
2021-02-16 06:00 Tue,0.018,8.04
2021-02-16 07:00 Tue,0.017,7.85
2021-02-16 08:00 Tue,0.02,8.86
2021-02-16 09:00 Tue,0.032,14.6
2021-02-16 10:00 Tue,0.024,10.75
2021-02-16 11:00 Tue,0.029,12.98
2021-02-16 12:00 Tue,0.042,18.74
2021-02-16 13:00 Tue,0.013,6.07
2021-02-16 14:00 Tue,0.014,6.38
2021-02-16 15:00 Tue,0.026,11.56
2021-02-16 16:00 Tue,0.044,19.87
2021-02-16 17:00 Tue,0.014,6.29
2021-02-16 18:00 Tue,0.013,5.83
2021-02-16 19:00 Tue,0.009,4.08
2021-02-16 20:00 Tue,0.009,4.14
2021-02-16 21:00 Tue,0.03,13.57
2021-02-16 22:00 Tue,0.028,12.62
2021-02-16 23:00 Tue,0.019,8.56
2021-02-17 00:00 Wed,0.026,11.65
2021-02-17 01:00 Wed,0.026,11.55
2021-02-17 02:00 Wed,0.028,12.8
2021-02-17 03:00 Wed,0.03,13.59
2021-02-17 04:00 Wed,0.023,10.26
2021-02-17 05:00 Wed,0.022,9.76
2021-02-17 06:00 Wed,0.005,2.46
2021-02-17 07:00 Wed,0.001,0.67
2021-02-17 08:00 Wed,0.001,0.59
2021-02-17 09:00 Wed,0.001,0.6
2021-02-17 10:00 Wed,0.002,0.71
2021-02-17 11:00 Wed,0.001,0.63
2021-02-17 12:00 Wed,0.002,0.68
2021-02-17 13:00 Wed,0.001,0.66
2021-02-17 14:00 Wed,0.001,0.64
2021-02-17 15:00 Wed,0.003,1.56
2021-02-17 16:00 Wed,0.035,15.74
2021-02-17 17:00 Wed,0.019,8.6
2021-02-17 18:00 Wed,0.006,2.82
2021-02-17 19:00 Wed,0.006,2.84
2021-02-17 20:00 Wed,0.012,5.22
2021-02-17 21:00 Wed,0.017,7.45
2021-02-17 22:00 Wed,0.017,7.54
2021-02-17 23:00 Wed,0.012,5.4
2021-02-18 00:00 Thu,0.019,8.39
2021-02-18 01:00 Thu,0.011,5.02
2021-02-18 02:00 Thu,0.01,4.43
2021-02-18 03:00 Thu,0.013,5.85
2021-02-18 04:00 Thu,0.006,2.63
2021-02-18 05:00 Thu,0.013,5.65
2021-02-18 06:00 Thu,0.01,4.66
2021-02-18 07:00 Thu,0.023,10.3
2021-02-18 08:00 Thu,0.037,16.82
2021-02-18 09:00 Thu,0.039,17.47
2021-02-18 10:00 Thu,0.06,26.9
2021-02-18 11:00 Thu,0.057,25.8
2021-02-18 12:00 Thu,0.06,26.78
2021-02-18 13:00 Thu,0.047,21.28
2021-02-18 14:00 Thu,0.022,9.76
2021-02-18 15:00 Thu,0.123,55.2
2021-02-18 16:00 Thu,0,0
2021-02-18 17:00 Thu,,
2021-02-18 18:00 Thu,,
2021-02-18 19:00 Thu,,
2021-02-18 20:00 Thu,0.034,15.3
2021-02-18 21:00 Thu,0.031,14.13
2021-02-18 22:00 Thu,0.037,16.49
2021-02-18 23:00 Thu,0.047,21.35
2021-02-19 00:00 Fri,0,0
2021-02-19 01:00 Fri,0,0
2021-02-19 02:00 Fri,0,0
2021-02-19 03:00 Fri,0,0
2021-02-19 04:00 Fri,0,0
2021-02-19 05:00 Fri,0,0
2021-02-19 06:00 Fri,0,0
2021-02-19 07:00 Fri,0,0
2021-02-19 08:00 Fri,0,0
2021-02-19 09:00 Fri,0,0.02
2021-02-19 10:00 Fri,0,0.03
2021-02-19 11:00 Fri,0,0.02
2021-02-19 12:00 Fri,0,0.02
2021-02-19 13:00 Fri,0,0.02
2021-02-19 14:00 Fri,0,0.02
2021-02-19 15:00 Fri,0,0.03
2021-02-19 16:00 Fri,0,0.02
2021-02-19 17:00 Fri,0,0.03
2021-02-19 18:00 Fri,0,0.19
2021-02-19 19:00 Fri,0.002,0.77
2021-02-19 20:00 Fri,0.004,1.86
2021-02-19 21:00 Fri,0.003,1.49
2021-02-19 22:00 Fri,0,0.14
2021-02-19 23:00 Fri,0,0.02
2021-02-20 00:00 Sat,0,0
2021-02-20 01:00 Sat,0,0.01
2021-02-20 02:00 Sat,0,0.01
2021-02-20 03:00 Sat,0,0
2021-02-20 04:00 Sat,0.001,0.57
2021-02-20 05:00 Sat,0,0.08
2021-02-20 06:00 Sat,0.001,0.61
2021-02-20 07:00 Sat,0.006,2.82
2021-02-20 08:00 Sat,0.006,2.81
2021-02-20 09:00 Sat,0.003,1.43
2021-02-20 10:00 Sat,0,0.08
2021-02-20 11:00 Sat,0,0.22
2021-02-20 12:00 Sat,0,0.1
2021-02-20 13:00 Sat,0.004,1.72
2021-02-20 14:00 Sat,0.003,1.17
2021-02-20 15:00 Sat,0,0.13
2021-02-20 16:00 Sat,0,0.2
2021-02-20 17:00 Sat,0,0.09
2021-02-20 18:00 Sat,0,0.11
2021-02-20 19:00 Sat,0,0.19
2021-02-20 20:00 Sat,0,0
2021-02-20 21:00 Sat,0,0
2021-02-20 22:00 Sat,,
2021-02-20 23:00 Sat,,
2021-02-21 00:00 Sun,,
2021-02-21 01:00 Sun,,
2021-02-21 02:00 Sun,,
2021-02-21 03:00 Sun,,
2021-02-21 04:00 Sun,,
2021-02-21 05:00 Sun,,
2021-02-21 06:00 Sun,,
2021-02-21 07:00 Sun,,
2021-02-21 08:00 Sun,0.066,29.69
2021-02-21 09:00 Sun,0.06,27.17
2021-02-21 10:00 Sun,0.038,16.98
2021-02-21 11:00 Sun,0.042,18.93
2021-02-21 12:00 Sun,0.039,17.48
2021-02-21 13:00 Sun,0.048,21.42
2021-02-21 14:00 Sun,0.052,23.36
2021-02-21 15:00 Sun,0.052,23.34
2021-02-21 16:00 Sun,0.062,28.09
2021-02-21 17:00 Sun,0.074,33.45
2021-02-21 18:00 Sun,0.077,34.71
2021-02-21 19:00 Sun,0.083,37.32
2021-02-21 20:00 Sun,0.075,33.65
2021-02-21 21:00 Sun,0.066,29.79
2021-02-21 22:00 Sun,0.069,31.03
2021-02-21 23:00 Sun,0.063,28.21
2021-02-22 00:00 Mon,0.021,9.59
2021-02-22 01:00 Mon,0.016,7.03
2021-02-22 02:00 Mon,0.009,4.21
2021-02-22 03:00 Mon,0.005,2.16
2021-02-22 04:00 Mon,0.003,1.19
2021-02-22 05:00 Mon,0.002,1.04
2021-02-22 06:00 Mon,0.005,2.36
2021-02-22 07:00 Mon,0.011,5.08
2021-02-22 08:00 Mon,0.013,5.71
2021-02-22 09:00 Mon,0.029,13
2021-02-22 10:00 Mon,0.031,13.98
2021-02-22 11:00 Mon,0.034,15.24
2021-02-22 12:00 Mon,0.032,14.21
2021-02-22 13:00 Mon,0.027,12.29
2021-02-22 14:00 Mon,0.024,10.73
2021-02-22 15:00 Mon,0.03,13.42
2021-02-22 16:00 Mon,0.031,14.08
2021-02-22 17:00 Mon,0.046,20.92
2021-02-22 18:00 Mon,0.069,30.83
2021-02-22 19:00 Mon,0.067,30.36
2021-02-22 20:00 Mon,0.058,25.93
2021-02-22 21:00 Mon,0.071,32.05
2021-02-22 22:00 Mon,0.066,29.48
2021-02-22 23:00 Mon,0.031,14.11
2021-02-23 00:00 Tue,0.027,12.19
2021-02-23 01:00 Tue,0.012,5.6
2021-02-23 02:00 Tue,0.011,5.15
2021-02-23 03:00 Tue,0.007,3.29
2021-02-23 04:00 Tue,0.003,1.41
2021-02-23 05:00 Tue,0.006,2.9
2021-02-23 06:00 Tue,0.009,4.26
2021-02-23 07:00 Tue,0.023,10.34
2021-02-23 08:00 Tue,0.019,8.71
2021-02-23 09:00 Tue,0.028,12.75
2021-02-23 10:00 Tue,0.029,13.15
2021-02-23 11:00 Tue,0.027,12.36
2021-02-23 12:00 Tue,0.04,18.14
2021-02-23 13:00 Tue,0.039,17.77
2021-02-23 14:00 Tue,0.036,16.29
2021-02-23 15:00 Tue,0.051,22.81
2021-02-23 16:00 Tue,0.046,20.56
2021-02-23 17:00 Tue,0.051,23.17
2021-02-23 18:00 Tue,0.041,18.3
2021-02-23 19:00 Tue,0.034,15.39
2021-02-23 20:00 Tue,0.043,19.35
2021-02-23 21:00 Tue,0.059,26.36
2021-02-23 22:00 Tue,0.048,21.64
2021-02-23 23:00 Tue,0.029,13.18
2021-02-24 00:00 Wed,0.016,7.04
2021-02-24 01:00 Wed,0.01,4.36
2021-02-24 02:00 Wed,0.011,4.96
2021-02-24 03:00 Wed,0.01,4.4
2021-02-24 04:00 Wed,0.042,18.82
2021-02-24 05:00 Wed,0.026,11.75
2021-02-24 06:00 Wed,0.014,6.23
2021-02-24 07:00 Wed,0.016,7.36
2021-02-24 08:00 Wed,0.017,7.86
2021-02-24 09:00 Wed,0.012,5.53
2021-02-24 10:00 Wed,0.021,9.6
2021-02-24 11:00 Wed,0.022,10.1
2021-02-24 12:00 Wed,0.045,20.25
2021-02-24 13:00 Wed,0.055,24.59
2021-02-24 14:00 Wed,0.054,24.48
2021-02-24 15:00 Wed,0.051,23.05
2021-02-24 16:00 Wed,0.055,24.69
2021-02-24 17:00 Wed,0.067,30.09
2021-02-24 18:00 Wed,0.078,35.11
2021-02-24 19:00 Wed,0.077,34.6
2021-02-24 20:00 Wed,0.073,33.01
2021-02-24 21:00 Wed,0.097,43.47
2021-02-24 22:00 Wed,0.074,33.11
2021-02-24 23:00 Wed,0.058,26.05
2021-02-25 00:00 Thu,0.024,10.95
2021-02-25 01:00 Thu,0.013,6.07
2021-02-25 02:00 Thu,0.011,5.04
2021-02-25 03:00 Thu,0.05,22.72
2021-02-25 04:00 Thu,0.011,4.93
2021-02-25 05:00 Thu,0.009,4.13
2021-02-25 06:00 Thu,0.014,6.35
2021-02-25 07:00 Thu,0.088,39.59
2021-02-25 08:00 Thu,0.048,21.44
2021-02-25 09:00 Thu,-13.883,-6247.42
2021-02-25 10:00 Thu,0.024,10.87
2021-02-25 11:00 Thu,0.029,12.98
2021-02-25 12:00 Thu,0.032,14.24
2021-02-25 13:00 Thu,0.028,12.63
2021-02-25 14:00 Thu,0.024,10.99
2021-02-25 15:00 Thu,0.042,18.83
2021-02-25 16:00 Thu,0.05,22.5
2021-02-25 17:00 Thu,0.062,28.05
2021-02-25 18:00 Thu,0.065,29.19
2021-02-25 19:00 Thu,0.073,32.88
2021-02-25 20:00 Thu,0.065,29.19
2021-02-25 21:00 Thu,0.061,27.42
2021-02-25 22:00 Thu,0.036,16.3
2021-02-25 23:00 Thu,0.025,11.27
2021-02-26 00:00 Fri,0.011,4.92
2021-02-26 01:00 Fri,0.007,3.06
2021-02-26 02:00 Fri,0.002,1.11
2021-02-26 03:00 Fri,0.002,0.94
2021-02-26 04:00 Fri,0.006,2.75
2021-02-26 05:00 Fri,0.01,4.39
2021-02-26 06:00 Fri,0.009,4.26
2021-02-26 07:00 Fri,0.02,9.15
2021-02-26 08:00 Fri,0.025,11.06
2021-02-26 09:00 Fri,0.022,9.73
2021-02-26 10:00 Fri,0.022,9.91
2021-02-26 11:00 Fri,0.017,7.75
2021-02-26 12:00 Fri,0.02,9.02
2021-02-26 13:00 Fri,0.025,11.25
2021-02-26 14:00 Fri,0.024,10.66
2021-02-26 15:00 Fri,0.038,16.98
2021-02-26 16:00 Fri,0.049,22.12
2021-02-26 17:00 Fri,0.058,26.32
2021-02-26 18:00 Fri,0.089,40.26
2021-02-26 19:00 Fri,0.075,33.8
2021-02-26 20:00 Fri,0.103,46.37
2021-02-26 21:00 Fri,0.05,22.36
2021-02-26 22:00 Fri,0.035,15.93
2021-02-26 23:00 Fri,0.038,17.1
2021-02-27 00:00 Sat,0.024,10.66
2021-02-27 01:00 Sat,0.02,8.92
2021-02-27 02:00 Sat,0.018,8.16
2021-02-27 03:00 Sat,0.008,3.44
2021-02-27 04:00 Sat,0.004,1.74
2021-02-27 05:00 Sat,0.008,3.72
2021-02-27 06:00 Sat,0.009,3.94
2021-02-27 07:00 Sat,0.033,15.01
2021-02-27 08:00 Sat,0.049,22.17
2021-02-27 09:00 Sat,0.036,16.24
2021-02-27 10:00 Sat,0.067,30.03
2021-02-27 11:00 Sat,0.045,20.06
2021-02-27 12:00 Sat,0.039,17.48
2021-02-27 13:00 Sat,0.04,17.93
2021-02-27 14:00 Sat,0.036,16.31
2021-02-27 15:00 Sat,0.062,28.06
2021-02-27 16:00 Sat,0.062,27.86
2021-02-27 17:00 Sat,0.068,30.59
2021-02-27 18:00 Sat,0.061,27.57
2021-02-27 19:00 Sat,0.089,39.94
2021-02-27 20:00 Sat,0.087,39.09
2021-02-27 21:00 Sat,0.078,34.95
2021-02-27 22:00 Sat,0.07,31.35
2021-02-27 23:00 Sat,0.059,26.62
2021-02-28 00:00 Sun,0.045,20.27
2021-02-28 01:00 Sun,0.02,9.13
2021-02-28 02:00 Sun,0.014,6.09
2021-02-28 03:00 Sun,0.009,4.15
2021-02-28 04:00 Sun,0.005,2.07
2021-02-28 05:00 Sun,0.005,2.31
2021-02-28 06:00 Sun,0.012,5.45
2021-02-28 07:00 Sun,0.257,115.52
2021-02-28 08:00 Sun,,
2021-02-28 09:00 Sun,,
2021-02-28 10:00 Sun,,
2021-02-28 11:00 Sun,,
2021-02-28 12:00 Sun,0.043,19.18
2021-02-28 13:00 Sun,0.044,19.69
2021-02-28 14:00 Sun,0.036,16.02
2021-02-28 15:00 Sun,0.062,28.01
2021-02-28 16:00 Sun,0.063,28.29
2021-02-28 17:00 Sun,0.096,43.09
2021-02-28 18:00 Sun,0.074,33.1
2021-02-28 19:00 Sun,0.078,35.25
2021-02-28 20:00 Sun,0.078,34.99
2021-02-28 21:00 Sun,0.07,31.45
2021-02-28 22:00 Sun,0.046,20.61
2021-02-28 23:00 Sun,0.032,14.29
2021-03-01 00:00 Mon,0.017,7.56
2021-03-01 01:00 Mon,0.005,2.43
2021-03-01 02:00 Mon,0.005,2.22
2021-03-01 03:00 Mon,0.006,2.58
2021-03-01 04:00 Mon,0.007,2.94
2021-03-01 05:00 Mon,0.006,2.6
2021-03-01 06:00 Mon,0.011,5.16
2021-03-01 07:00 Mon,0.017,7.45
2021-03-01 08:00 Mon,0.031,13.97
2021-03-01 09:00 Mon,0.035,15.65
2021-03-01 10:00 Mon,0.035,15.82
2021-03-01 11:00 Mon,0.028,12.45
2021-03-01 12:00 Mon,0.04,18.14
2021-03-01 13:00 Mon,0.054,24.1
2021-03-01 14:00 Mon,0.03,13.39
2021-03-01 15:00 Mon,0.041,18.46
2021-03-01 16:00 Mon,0.05,22.58
2021-03-01 17:00 Mon,0.065,29.34
2021-03-01 18:00 Mon,0.062,27.88
2021-03-01 19:00 Mon,0.062,28
2021-03-01 20:00 Mon,0.052,23.59
2021-03-01 21:00 Mon,0.059,26.75
2021-03-01 22:00 Mon,0.04,18.18
2021-03-01 23:00 Mon,0.021,9.35
2021-03-02 00:00 Tue,0.015,6.92
2021-03-02 01:00 Tue,0.012,5.34
2021-03-02 02:00 Tue,0.009,3.93
2021-03-02 03:00 Tue,0.005,2.1
2021-03-02 04:00 Tue,0.002,0.76
2021-03-02 05:00 Tue,0.006,2.54
2021-03-02 06:00 Tue,0.017,7.61
2021-03-02 07:00 Tue,0.025,11.29
2021-03-02 08:00 Tue,0.026,11.61
2021-03-02 09:00 Tue,0.022,9.78
2021-03-02 10:00 Tue,0.03,13.68
2021-03-02 11:00 Tue,0.02,9.21
2021-03-02 12:00 Tue,0.035,15.89
2021-03-02 13:00 Tue,0.044,19.96
2021-03-02 14:00 Tue,0.035,15.78
2021-03-02 15:00 Tue,0.049,21.89
2021-03-02 16:00 Tue,0.123,55.19
2021-03-02 17:00 Tue,0,0
2021-03-02 18:00 Tue,,
2021-03-02 19:00 Tue,0.054,24.12
2021-03-02 20:00 Tue,0.06,27.17
2021-03-02 21:00 Tue,0.046,20.54
2021-03-02 22:00 Tue,0.029,12.84
2021-03-02 23:00 Tue,0.02,9.06
2021-03-03 00:00 Wed,0.02,9.05
2021-03-03 01:00 Wed,0.012,5.29
2021-03-03 02:00 Wed,0.008,3.48
2021-03-03 03:00 Wed,0.007,3.03
2021-03-03 04:00 Wed,0.006,2.8
2021-03-03 05:00 Wed,0.006,2.83
2021-03-03 06:00 Wed,0.009,4.26
2021-03-03 07:00 Wed,0.029,12.94
2021-03-03 08:00 Wed,0.022,10.02
2021-03-03 09:00 Wed,0.021,9.51
2021-03-03 10:00 Wed,0.026,11.48
2021-03-03 11:00 Wed,0.024,10.82
2021-03-03 12:00 Wed,0.043,19.38
2021-03-03 13:00 Wed,0.042,18.75
2021-03-03 14:00 Wed,0.028,12.75
2021-03-03 15:00 Wed,0.055,24.78
2021-03-03 16:00 Wed,0.068,30.78
2021-03-03 17:00 Wed,0.053,23.64
2021-03-03 18:00 Wed,0.06,27.21
2021-03-03 19:00 Wed,0.052,23.38
2021-03-03 20:00 Wed,0.065,29.07
2021-03-03 21:00 Wed,0.071,31.76
2021-03-03 22:00 Wed,0.046,20.88
2021-03-03 23:00 Wed,0.035,15.59
2021-03-04 00:00 Thu,0.025,11.39
2021-03-04 01:00 Thu,0.029,13.03
2021-03-04 02:00 Thu,0.016,7.15
2021-03-04 03:00 Thu,0.008,3.76
2021-03-04 04:00 Thu,0.004,1.81
2021-03-04 05:00 Thu,0.005,2.31
2021-03-04 06:00 Thu,0.014,6.33
2021-03-04 07:00 Thu,0.026,11.73
2021-03-04 08:00 Thu,0.035,15.67
2021-03-04 09:00 Thu,0.041,18.42
2021-03-04 10:00 Thu,0.042,18.74
2021-03-04 11:00 Thu,0.028,12.75
2021-03-04 12:00 Thu,0.041,18.67
2021-03-04 13:00 Thu,0.033,14.98
2021-03-04 14:00 Thu,0.038,17.17
2021-03-04 15:00 Thu,0.05,22.57
2021-03-04 16:00 Thu,0.063,28.42
2021-03-04 17:00 Thu,0.057,25.86
2021-03-04 18:00 Thu,0.071,31.95
2021-03-04 19:00 Thu,0.089,40.13
2021-03-04 20:00 Thu,0.098,44.16
2021-03-04 21:00 Thu,0.077,34.79
2021-03-04 22:00 Thu,0.05,22.6
2021-03-04 23:00 Thu,0.043,19.29
2021-03-05 00:00 Fri,0.025,11.15
2021-03-05 01:00 Fri,0.014,6.44
2021-03-05 02:00 Fri,0.014,6.33
2021-03-05 03:00 Fri,0.007,3.2
2021-03-05 04:00 Fri,0.005,2.15
2021-03-05 05:00 Fri,0.009,3.83
2021-03-05 06:00 Fri,0.023,10.13
2021-03-05 07:00 Fri,0.034,15.41
2021-03-05 08:00 Fri,0.049,21.83
2021-03-05 09:00 Fri,0.059,26.63
2021-03-05 10:00 Fri,0.04,18.08
2021-03-05 11:00 Fri,0.049,21.83
2021-03-05 12:00 Fri,0.056,25.19
2021-03-05 13:00 Fri,0.059,26.76
2021-03-05 14:00 Fri,0.038,16.91
2021-03-05 15:00 Fri,0.037,16.64
2021-03-05 16:00 Fri,0.082,37.06
2021-03-05 17:00 Fri,0.063,28.31
2021-03-05 18:00 Fri,0.069,31.01
2021-03-05 19:00 Fri,0.098,44.1
2021-03-05 20:00 Fri,0.097,43.5
2021-03-05 21:00 Fri,0.085,38.1
2021-03-05 22:00 Fri,0.079,35.53
2021-03-05 23:00 Fri,0.071,31.91
2021-03-06 00:00 Sat,0.047,21.02
2021-03-06 01:00 Sat,0.024,10.73
2021-03-06 02:00 Sat,0.024,10.76
2021-03-06 03:00 Sat,0.017,7.74
2021-03-06 04:00 Sat,0.014,6.25
2021-03-06 05:00 Sat,0.01,4.3
2021-03-06 06:00 Sat,0.019,8.42
2021-03-06 07:00 Sat,0.017,7.49
2021-03-06 08:00 Sat,0.028,12.73
2021-03-06 09:00 Sat,0.036,16.24
2021-03-06 10:00 Sat,0.039,17.54
2021-03-06 11:00 Sat,0.04,17.85
2021-03-06 12:00 Sat,0.031,13.88
2021-03-06 13:00 Sat,0.045,20.07
2021-03-06 14:00 Sat,0.034,15.09
2021-03-06 15:00 Sat,0.041,18.51
2021-03-06 16:00 Sat,0.062,27.95
2021-03-06 17:00 Sat,0.094,42.16
2021-03-06 18:00 Sat,0.077,34.61
2021-03-06 19:00 Sat,0.081,36.41
2021-03-06 20:00 Sat,0.058,26.25
2021-03-06 21:00 Sat,0.054,24.16
2021-03-06 22:00 Sat,0.047,21.04
2021-03-06 23:00 Sat,0.04,17.78
2021-03-07 00:00 Sun,0.037,16.43
2021-03-07 01:00 Sun,0.016,7.21
2021-03-07 02:00 Sun,0.011,5.16
2021-03-07 03:00 Sun,0.013,5.81
2021-03-07 04:00 Sun,0.012,5.31
2021-03-07 05:00 Sun,0.009,4.22
2021-03-07 06:00 Sun,0.006,2.63
2021-03-07 07:00 Sun,0.017,7.74
2021-03-07 08:00 Sun,0.025,11.09
2021-03-07 09:00 Sun,0.025,11.27
2021-03-07 10:00 Sun,0.032,14.45
2021-03-07 11:00 Sun,0.024,10.8
2021-03-07 12:00 Sun,0.029,12.86
2021-03-07 13:00 Sun,0.05,22.4
2021-03-07 14:00 Sun,0.034,15.45
2021-03-07 15:00 Sun,0.055,24.86
2021-03-07 16:00 Sun,0.055,24.88
2021-03-07 17:00 Sun,0.058,25.94
2021-03-07 18:00 Sun,0.053,23.64
2021-03-07 19:00 Sun,0.061,27.29
2021-03-07 20:00 Sun,0.057,25.71
2021-03-07 21:00 Sun,0.067,30.02
2021-03-07 22:00 Sun,0.035,15.75
2021-03-07 23:00 Sun,0.032,14.56
2021-03-08 00:00 Mon,0.027,12.15
2021-03-08 01:00 Mon,0.015,6.54
2021-03-08 02:00 Mon,0.011,4.89
2021-03-08 03:00 Mon,0.009,4.07
2021-03-08 04:00 Mon,0.008,3.77
2021-03-08 05:00 Mon,0.005,2.47
2021-03-08 06:00 Mon,0.02,9.09
2021-03-08 07:00 Mon,0.018,8.28
2021-03-08 08:00 Mon,0.027,12.24
2021-03-08 09:00 Mon,0.029,12.98
2021-03-08 10:00 Mon,0.021,9.24
2021-03-08 11:00 Mon,0.027,12.29
2021-03-08 12:00 Mon,0.042,18.74
2021-03-08 13:00 Mon,0.047,21.29
2021-03-08 14:00 Mon,0.052,23.59
2021-03-08 15:00 Mon,0.042,18.95
2021-03-08 16:00 Mon,0.059,26.35
2021-03-08 17:00 Mon,0.053,23.79
2021-03-08 18:00 Mon,0.065,29.24
2021-03-08 19:00 Mon,0.064,28.73
2021-03-08 20:00 Mon,0.054,24.42
2021-03-08 21:00 Mon,0.061,27.61
2021-03-08 22:00 Mon,0.04,18.09
2021-03-08 23:00 Mon,0.028,12.65
2021-03-09 00:00 Tue,0.013,5.8
2021-03-09 01:00 Tue,0.01,4.31
2021-03-09 02:00 Tue,0.01,4.51
2021-03-09 03:00 Tue,0.007,3.06
2021-03-09 04:00 Tue,0.008,3.47
2021-03-09 05:00 Tue,0.006,2.83
2021-03-09 06:00 Tue,0.007,3.35
2021-03-09 07:00 Tue,-0.274,-123.21
2021-03-09 08:00 Tue,0.033,15.03
2021-03-09 09:00 Tue,0.028,12.53
2021-03-09 10:00 Tue,0.032,14.5
2021-03-09 11:00 Tue,0.036,15.98
2021-03-09 12:00 Tue,0.031,13.86
2021-03-09 13:00 Tue,0.038,16.92
2021-03-09 14:00 Tue,0.039,17.45
2021-03-09 15:00 Tue,0.055,24.56
2021-03-09 16:00 Tue,0.056,25.01
2021-03-09 17:00 Tue,0.08,35.95
2021-03-09 18:00 Tue,0.055,24.58
2021-03-09 19:00 Tue,0.056,24.98
2021-03-09 20:00 Tue,0.078,35.16
2021-03-09 21:00 Tue,0.056,25
2021-03-09 22:00 Tue,0.04,18.18
2021-03-09 23:00 Tue,0.032,14.18
2021-03-10 00:00 Wed,0.015,6.69
2021-03-10 01:00 Wed,0.013,5.78
2021-03-10 02:00 Wed,0.009,4.01
2021-03-10 03:00 Wed,0.002,1.01
2021-03-10 04:00 Wed,0.008,3.57
2021-03-10 05:00 Wed,0.004,1.92
2021-03-10 06:00 Wed,0.032,14.29
2021-03-10 07:00 Wed,0.038,17.1
2021-03-10 08:00 Wed,0.043,19.5
2021-03-10 09:00 Wed,0.048,21.65
2021-03-10 10:00 Wed,0.046,20.5
2021-03-10 11:00 Wed,0.067,30.33
2021-03-10 12:00 Wed,0.026,11.92
2021-03-10 13:00 Wed,0.036,15.99
2021-03-10 14:00 Wed,0.03,13.66
2021-03-10 15:00 Wed,0.033,14.83
2021-03-10 16:00 Wed,0.041,18.35
2021-03-10 17:00 Wed,0.034,15.32
2021-03-10 18:00 Wed,0.054,24.22
2021-03-10 19:00 Wed,0.07,31.39
2021-03-10 20:00 Wed,0.077,34.46
2021-03-10 21:00 Wed,0.065,29.19
2021-03-10 22:00 Wed,0.06,27.03
2021-03-10 23:00 Wed,0.047,21.03
2021-03-11 00:00 Thu,0.015,6.81
2021-03-11 01:00 Thu,0.007,2.94
2021-03-11 02:00 Thu,0.006,2.81
2021-03-11 03:00 Thu,0.008,3.4
2021-03-11 04:00 Thu,0.005,2.38
2021-03-11 05:00 Thu,0.007,3.07
2021-03-11 06:00 Thu,0.012,5.54
2021-03-11 07:00 Thu,0.024,10.98
2021-03-11 08:00 Thu,0.048,21.62
2021-03-11 09:00 Thu,0.033,14.86
2021-03-11 10:00 Thu,0.028,12.65
2021-03-11 11:00 Thu,0.032,14.46
2021-03-11 12:00 Thu,0.042,19.02
2021-03-11 13:00 Thu,0.044,19.99
2021-03-11 14:00 Thu,0.043,19.25
2021-03-11 15:00 Thu,0.051,23.03
2021-03-11 16:00 Thu,0.04,18.08
2021-03-11 17:00 Thu,0.057,25.46
2021-03-11 18:00 Thu,0.064,28.79
2021-03-11 19:00 Thu,0.066,29.84
2021-03-11 20:00 Thu,0.076,34.26
2021-03-11 21:00 Thu,0.059,26.59
2021-03-11 22:00 Thu,0.051,22.93
2021-03-11 23:00 Thu,0.045,20.27
2021-03-12 00:00 Fri,0.035,15.72
2021-03-12 01:00 Fri,0.022,10.02
2021-03-12 02:00 Fri,0.016,7.29
2021-03-12 03:00 Fri,0.03,13.43
2021-03-12 04:00 Fri,0.006,2.48
2021-03-12 05:00 Fri,0.009,3.89
2021-03-12 06:00 Fri,0.017,7.67
2021-03-12 07:00 Fri,0.029,12.95
2021-03-12 08:00 Fri,0.027,12.25
2021-03-12 09:00 Fri,0.041,18.35
2021-03-12 10:00 Fri,0.054,24.27
2021-03-12 11:00 Fri,0.038,17.07
2021-03-12 12:00 Fri,0.054,24.18
2021-03-12 13:00 Fri,0.041,18.55
2021-03-12 14:00 Fri,0.03,13.54
2021-03-12 15:00 Fri,0.04,18.13
2021-03-12 16:00 Fri,0.055,24.56
2021-03-12 17:00 Fri,0.064,28.69
2021-03-12 18:00 Fri,0.054,24.38
2021-03-12 19:00 Fri,0.066,29.6
2021-03-12 20:00 Fri,0.069,31.15
2021-03-12 21:00 Fri,0.073,33.06
2021-03-12 22:00 Fri,0.071,32.12
2021-03-12 23:00 Fri,0.039,17.76
2021-03-13 00:00 Sat,0.022,9.86
2021-03-13 01:00 Sat,0.032,14.24
2021-03-13 02:00 Sat,0.027,11.96
2021-03-13 03:00 Sat,0.023,10.54
2021-03-13 04:00 Sat,0.031,14.08
2021-03-13 05:00 Sat,0.016,7.23
2021-03-13 06:00 Sat,0.08,36.2
2021-03-13 07:00 Sat,0.054,24.41
2021-03-13 08:00 Sat,0.039,17.44
2021-03-13 09:00 Sat,0.047,21.37
2021-03-13 10:00 Sat,0.052,23.45
2021-03-13 11:00 Sat,0.047,21.09
2021-03-13 12:00 Sat,0.055,24.53
2021-03-13 13:00 Sat,0.051,22.8
2021-03-13 14:00 Sat,0.039,17.35
2021-03-13 15:00 Sat,0.068,30.62
2021-03-13 16:00 Sat,0.07,31.34
2021-03-13 17:00 Sat,0.065,29.37
2021-03-13 18:00 Sat,0.047,21
2021-03-13 19:00 Sat,0.072,32.46
2021-03-13 20:00 Sat,0.076,34.3
2021-03-13 21:00 Sat,0.105,47.31
2021-03-13 22:00 Sat,0.07,31.68
2021-03-13 23:00 Sat,0.033,14.78
2021-03-14 00:00 Sun,0.031,14.15
2021-03-14 01:00 Sun,0.015,6.88
2021-03-14 02:00 Sun,0.008,3.81
2021-03-14 03:00 Sun,0.007,3.31
2021-03-14 04:00 Sun,0.002,1.12
2021-03-14 05:00 Sun,0.005,2.29
2021-03-14 06:00 Sun,0.013,6
2021-03-14 07:00 Sun,0.027,12.22
2021-03-14 08:00 Sun,0.035,15.86
2021-03-14 09:00 Sun,0.044,20.01
2021-03-14 10:00 Sun,0.059,26.33
2021-03-14 11:00 Sun,0.057,25.79
2021-03-14 12:00 Sun,0.05,22.64
2021-03-14 13:00 Sun,0.041,18.43
2021-03-14 14:00 Sun,0.054,24.11
2021-03-14 15:00 Sun,0.052,23.59
2021-03-14 16:00 Sun,0.048,21.82
2021-03-14 17:00 Sun,0.078,35
2021-03-14 18:00 Sun,0.083,37.31
2021-03-14 19:00 Sun,0.072,32.38
2021-03-14 20:00 Sun,0.049,21.97
2021-03-14 21:00 Sun,0.07,31.34
2021-03-14 22:00 Sun,0.054,24.41
2021-03-14 23:00 Sun,0.033,14.85
2021-03-15 00:00 Mon,0.025,11.09
2021-03-15 01:00 Mon,0.012,5.25
2021-03-15 02:00 Mon,0.007,3.37
2021-03-15 03:00 Mon,0.008,3.55
2021-03-15 04:00 Mon,0.003,1.13
2021-03-15 05:00 Mon,0.003,1.5
2021-03-15 06:00 Mon,0.016,7.36
2021-03-15 07:00 Mon,0.025,11.41
2021-03-15 08:00 Mon,0.028,12.52
2021-03-15 09:00 Mon,0.03,13.58
2021-03-15 10:00 Mon,0.043,19.41
2021-03-15 11:00 Mon,0.037,16.65
2021-03-15 12:00 Mon,0.046,20.54
2021-03-15 13:00 Mon,0.04,18.03
2021-03-15 14:00 Mon,0.042,19.09
2021-03-15 15:00 Mon,0.041,18.44
2021-03-15 16:00 Mon,0.046,20.62
2021-03-15 17:00 Mon,0.048,21.76
2021-03-15 18:00 Mon,0.063,28.52
2021-03-15 19:00 Mon,0.08,36.03
2021-03-15 20:00 Mon,0.057,25.69
2021-03-15 21:00 Mon,0.061,27.54
2021-03-15 22:00 Mon,0.035,15.84
2021-03-15 23:00 Mon,0.028,12.48
2021-03-16 00:00 Tue,0.013,5.69
2021-03-16 01:00 Tue,0.006,2.56
2021-03-16 02:00 Tue,0.004,1.78
2021-03-16 03:00 Tue,0.008,3.41
2021-03-16 04:00 Tue,0.007,3.23
2021-03-16 05:00 Tue,0.009,4.12
2021-03-16 06:00 Tue,0.086,38.65
2021-03-16 07:00 Tue,0.042,19.09
2021-03-16 08:00 Tue,0.063,28.54
2021-03-16 09:00 Tue,0.07,31.48
2021-03-16 10:00 Tue,0.037,16.61
2021-03-16 11:00 Tue,0.042,18.88
2021-03-16 12:00 Tue,0.051,22.79
2021-03-16 13:00 Tue,0.052,23.46
2021-03-16 14:00 Tue,0.051,22.96
2021-03-16 15:00 Tue,0.057,25.62
2021-03-16 16:00 Tue,0.075,33.59
2021-03-16 17:00 Tue,0.064,28.62
2021-03-16 18:00 Tue,0.063,28.47
2021-03-16 19:00 Tue,0.057,25.84
2021-03-16 20:00 Tue,0.06,26.92
2021-03-16 21:00 Tue,0.051,22.85
2021-03-16 22:00 Tue,0.075,33.78
2021-03-16 23:00 Tue,0.052,23.6
2021-03-17 00:00 Wed,0.019,8.51
2021-03-17 01:00 Wed,0.009,4.25
2021-03-17 02:00 Wed,0.008,3.57
2021-03-17 03:00 Wed,0.006,2.76
2021-03-17 04:00 Wed,0.004,1.67
2021-03-17 05:00 Wed,0.01,4.4
2021-03-17 06:00 Wed,0.021,9.61
2021-03-17 07:00 Wed,0.029,13.11
2021-03-17 08:00 Wed,0.028,12.61
2021-03-17 09:00 Wed,0.029,13.03
2021-03-17 10:00 Wed,0.03,13.64
2021-03-17 11:00 Wed,0.031,14
2021-03-17 12:00 Wed,0.035,15.88
2021-03-17 13:00 Wed,0.04,17.98
2021-03-17 14:00 Wed,0.041,18.31
2021-03-17 15:00 Wed,0.035,15.8
2021-03-17 16:00 Wed,0.046,20.89
2021-03-17 17:00 Wed,0.056,25.15
2021-03-17 18:00 Wed,0.056,25.19
2021-03-17 19:00 Wed,0.068,30.64
2021-03-17 20:00 Wed,0.058,25.89
2021-03-17 21:00 Wed,0.078,35.09
2021-03-17 22:00 Wed,0.032,14.5
2021-03-17 23:00 Wed,0.015,6.67
2021-03-18 00:00 Thu,0.022,9.74
2021-03-18 01:00 Thu,0.011,5
2021-03-18 02:00 Thu,0.005,2.47
2021-03-18 03:00 Thu,0.004,1.83
2021-03-18 04:00 Thu,0.004,1.67
2021-03-18 05:00 Thu,0.01,4.38
2021-03-18 06:00 Thu,0.016,7.1
2021-03-18 07:00 Thu,0.022,9.89
2021-03-18 08:00 Thu,0.028,12.58
2021-03-18 09:00 Thu,0.031,14.16
2021-03-18 10:00 Thu,0.034,15.13
2021-03-18 11:00 Thu,0.026,11.51
2021-03-18 12:00 Thu,0.026,11.69
2021-03-18 13:00 Thu,0.053,23.77
2021-03-18 14:00 Thu,0.034,15.2
2021-03-18 15:00 Thu,0.065,29.25
2021-03-18 16:00 Thu,0.033,14.98
2021-03-18 17:00 Thu,0.036,16.24
2021-03-18 18:00 Thu,0.031,13.97
2021-03-18 19:00 Thu,0.02,9.07
2021-03-18 20:00 Thu,0.046,20.51
2021-03-18 21:00 Thu,0.055,24.53
2021-03-18 22:00 Thu,0.038,17.19
2021-03-18 23:00 Thu,0.012,5.32
2021-03-19 00:00 Fri,0.008,3.78
2021-03-19 01:00 Fri,0.005,2.29
2021-03-19 02:00 Fri,0.005,2.47
2021-03-19 03:00 Fri,0.004,1.9
2021-03-19 04:00 Fri,0.007,2.96
2021-03-19 05:00 Fri,0.007,3.2
2021-03-19 06:00 Fri,0.014,6.46
2021-03-19 07:00 Fri,0.032,14.47
2021-03-19 08:00 Fri,0.031,13.85
2021-03-19 09:00 Fri,0.035,15.56
2021-03-19 10:00 Fri,0.031,14
2021-03-19 11:00 Fri,0.033,14.82
2021-03-19 12:00 Fri,0.038,17.31
2021-03-19 13:00 Fri,0.027,12.34
2021-03-19 14:00 Fri,0.028,12.46
2021-03-19 15:00 Fri,0.028,12.63
2021-03-19 16:00 Fri,0.029,13.02
2021-03-19 17:00 Fri,0.028,12.62
2021-03-19 18:00 Fri,0.044,20
2021-03-19 19:00 Fri,0.034,15.18
2021-03-19 20:00 Fri,0.049,21.99
2021-03-19 21:00 Fri,0.054,24.41
2021-03-19 22:00 Fri,0.037,16.68
2021-03-19 23:00 Fri,0.038,17.29
2021-03-20 00:00 Sat,0.018,8.23
2021-03-20 01:00 Sat,0.014,6.1
2021-03-20 02:00 Sat,0.009,4.08
2021-03-20 03:00 Sat,0.007,3.21
2021-03-20 04:00 Sat,0.005,2.47
2021-03-20 05:00 Sat,0.009,4.22
2021-03-20 06:00 Sat,0.013,5.98
2021-03-20 07:00 Sat,0.026,11.77
2021-03-20 08:00 Sat,0.035,15.77
2021-03-20 09:00 Sat,0.038,16.91
2021-03-20 10:00 Sat,0.041,18.57
2021-03-20 11:00 Sat,0.041,18.64
2021-03-20 12:00 Sat,0.046,20.77
2021-03-20 13:00 Sat,0.058,26.23
2021-03-20 14:00 Sat,0.063,28.24
2021-03-20 15:00 Sat,0.039,17.59
2021-03-20 16:00 Sat,0.055,24.94
2021-03-20 17:00 Sat,0.056,25.16
2021-03-20 18:00 Sat,0.048,21.63
2021-03-20 19:00 Sat,0.053,23.69
2021-03-20 20:00 Sat,0.058,26.2
2021-03-20 21:00 Sat,0.041,18.41
2021-03-20 22:00 Sat,0.064,28.85
2021-03-20 23:00 Sat,0.044,19.62
2021-03-21 00:00 Sun,0.027,12.22
2021-03-21 01:00 Sun,0.012,5.19
2021-03-21 02:00 Sun,0.007,3.33
2021-03-21 03:00 Sun,0.005,2.19
2021-03-21 04:00 Sun,0.007,3.36
2021-03-21 05:00 Sun,0.009,4.13
2021-03-21 06:00 Sun,0.01,4.69
2021-03-21 07:00 Sun,0.019,8.57
2021-03-21 08:00 Sun,0.018,8.25
2021-03-21 09:00 Sun,0.021,9.29
2021-03-21 10:00 Sun,0.025,11.26
2021-03-21 11:00 Sun,0.023,10.22
2021-03-21 12:00 Sun,0.038,17.17
2021-03-21 13:00 Sun,0.041,18.37
2021-03-21 14:00 Sun,0.033,14.66
2021-03-21 15:00 Sun,0.04,17.91
2021-03-21 16:00 Sun,0.043,19.44
2021-03-21 17:00 Sun,0.034,15.1
2021-03-21 18:00 Sun,0.051,22.92
2021-03-21 19:00 Sun,0.081,36.58
2021-03-21 20:00 Sun,0.127,57.07
2021-03-21 21:00 Sun,0.119,53.34
2021-03-21 22:00 Sun,0.106,47.77
2021-03-21 23:00 Sun,0.097,43.66
2021-03-22 00:00 Mon,0.082,36.68
2021-03-22 01:00 Mon,0.036,16.42
2021-03-22 02:00 Mon,0.019,8.45
2021-03-22 03:00 Mon,0.02,8.96
2021-03-22 04:00 Mon,0.012,5.31
2021-03-22 05:00 Mon,0.014,6.13
2021-03-22 06:00 Mon,0.017,7.62
2021-03-22 07:00 Mon,0.019,8.65
2021-03-22 08:00 Mon,0.033,14.75
2021-03-22 09:00 Mon,0.037,16.67
2021-03-22 10:00 Mon,0.044,19.99
2021-03-22 11:00 Mon,0.046,20.61
2021-03-22 12:00 Mon,0.052,23.21
2021-03-22 13:00 Mon,0.038,16.93
2021-03-22 14:00 Mon,0.038,16.92
2021-03-22 15:00 Mon,0.045,20.12
2021-03-22 16:00 Mon,0.064,28.95
2021-03-22 17:00 Mon,0.053,24.01
2021-03-22 18:00 Mon,0.076,34.07
2021-03-22 19:00 Mon,0.063,28.32
2021-03-22 20:00 Mon,0.127,57.28
2021-03-22 21:00 Mon,0,0
2021-03-22 22:00 Mon,0.055,24.71
2021-03-22 23:00 Mon,0.032,14.21
2021-03-23 00:00 Tue,0.021,9.37
2021-03-23 01:00 Tue,0.019,8.72
2021-03-23 02:00 Tue,0.02,8.9
2021-03-23 03:00 Tue,0.02,9.03
2021-03-23 04:00 Tue,0.019,8.74
2021-03-23 05:00 Tue,0.014,6.19
2021-03-23 06:00 Tue,0.032,14.18
2021-03-23 07:00 Tue,0.041,18.33
2021-03-23 08:00 Tue,0.032,14.6
2021-03-23 09:00 Tue,0.038,16.97
2021-03-23 10:00 Tue,0.046,20.48
2021-03-23 11:00 Tue,0.03,13.5
2021-03-23 12:00 Tue,0.046,20.81
2021-03-23 13:00 Tue,0.049,22.01
2021-03-23 14:00 Tue,0.049,22
2021-03-23 15:00 Tue,0.055,24.65
2021-03-23 16:00 Tue,0.056,25.02
2021-03-23 17:00 Tue,0.043,19.23
2021-03-23 18:00 Tue,0.043,19.27
2021-03-23 19:00 Tue,0.047,21.24
2021-03-23 20:00 Tue,0.08,36
2021-03-23 21:00 Tue,0.149,67.13
2021-03-23 22:00 Tue,0.047,21.37
2021-03-23 23:00 Tue,0.022,9.86
2021-03-24 00:00 Wed,0.017,7.67
2021-03-24 01:00 Wed,0.007,2.96
2021-03-24 02:00 Wed,0.006,2.82
2021-03-24 03:00 Wed,0.006,2.88
2021-03-24 04:00 Wed,0.014,6.09
2021-03-24 05:00 Wed,0.02,8.96
2021-03-24 06:00 Wed,0.022,10.09
2021-03-24 07:00 Wed,0.023,10.17
2021-03-24 08:00 Wed,0.039,17.56
2021-03-24 09:00 Wed,0.04,17.83
2021-03-24 10:00 Wed,0.045,20.21
2021-03-24 11:00 Wed,0.045,20.08
2021-03-24 12:00 Wed,0.074,33.33
2021-03-24 13:00 Wed,0.107,48.35
2021-03-24 14:00 Wed,0.289,130.1
2021-03-24 15:00 Wed,0.063,28.41
2021-03-24 16:00 Wed,0.069,30.98
2021-03-24 17:00 Wed,0.065,29.42
2021-03-24 18:00 Wed,0.048,21.52
2021-03-24 19:00 Wed,0.065,29.45
2021-03-24 20:00 Wed,0.055,24.86
2021-03-24 21:00 Wed,0.057,25.66
2021-03-24 22:00 Wed,0.046,20.75
2021-03-24 23:00 Wed,0.027,12.07
2021-03-25 00:00 Thu,0.014,6.48
2021-03-25 01:00 Thu,0.008,3.77
2021-03-25 02:00 Thu,0.006,2.8
2021-03-25 03:00 Thu,0.004,1.95
2021-03-25 04:00 Thu,0.004,1.75
2021-03-25 05:00 Thu,0.008,3.55
2021-03-25 06:00 Thu,0.016,7.26
2021-03-25 07:00 Thu,0.023,10.36
2021-03-25 08:00 Thu,0.063,28.17
2021-03-25 09:00 Thu,0,0
2021-03-25 10:00 Thu,0.041,18.4
2021-03-25 11:00 Thu,0.042,18.94
2021-03-25 12:00 Thu,0.067,30.07
2021-03-25 13:00 Thu,0.054,24.17
2021-03-25 14:00 Thu,0.05,22.63
2021-03-25 15:00 Thu,0.062,27.86
2021-03-25 16:00 Thu,0.072,32.4
2021-03-25 17:00 Thu,0.075,33.97
2021-03-25 18:00 Thu,0.043,19.14
2021-03-25 19:00 Thu,0.053,24.06
2021-03-25 20:00 Thu,0.068,30.38
2021-03-25 21:00 Thu,0.055,24.77
2021-03-25 22:00 Thu,0.039,17.64
2021-03-25 23:00 Thu,0.029,13.17
2021-03-26 00:00 Fri,0.029,13.15
2021-03-26 01:00 Fri,0.01,4.71
2021-03-26 02:00 Fri,0.005,2.39
2021-03-26 03:00 Fri,0.004,1.98
2021-03-26 04:00 Fri,0.004,1.88
2021-03-26 05:00 Fri,0.007,3.32
2021-03-26 06:00 Fri,0.014,6.33
2021-03-26 07:00 Fri,0.021,9.51
2021-03-26 08:00 Fri,0.039,17.34
2021-03-26 09:00 Fri,0.037,16.45
2021-03-26 10:00 Fri,0.034,15.13
2021-03-26 11:00 Fri,0.036,16.06
2021-03-26 12:00 Fri,0.055,24.54
2021-03-26 13:00 Fri,0.061,27.59
2021-03-26 14:00 Fri,0.052,23.24
2021-03-26 15:00 Fri,0.067,30.14
2021-03-26 16:00 Fri,0.064,28.64
2021-03-26 17:00 Fri,0.082,37.04
2021-03-26 18:00 Fri,0.056,25.18
2021-03-26 19:00 Fri,0.08,35.89
2021-03-26 20:00 Fri,0.112,50.58
2021-03-26 21:00 Fri,0.142,64.02
2021-03-26 22:00 Fri,0.133,59.71
2021-03-26 23:00 Fri,0.056,25.14
2021-03-27 00:00 Sat,0.023,10.35
2021-03-27 01:00 Sat,0.018,7.91
2021-03-27 02:00 Sat,0.017,7.57
2021-03-27 03:00 Sat,0.009,4
2021-03-27 04:00 Sat,0.005,2.21
2021-03-27 05:00 Sat,0.006,2.68
2021-03-27 06:00 Sat,0.014,6.23
2021-03-27 07:00 Sat,0.032,14.3
2021-03-27 08:00 Sat,0.048,21.69
2021-03-27 09:00 Sat,0.03,13.65
2021-03-27 10:00 Sat,0.031,13.97
2021-03-27 11:00 Sat,0.035,15.83
2021-03-27 12:00 Sat,0.061,27.39
2021-03-27 13:00 Sat,0.043,19.39
2021-03-27 14:00 Sat,0.042,18.96
2021-03-27 15:00 Sat,0.032,14.44
2021-03-27 16:00 Sat,0.036,16.11
2021-03-27 17:00 Sat,0.058,26.26
2021-03-27 18:00 Sat,0.085,38.18
2021-03-27 19:00 Sat,0.066,29.78
2021-03-27 20:00 Sat,0.094,42.48
2021-03-27 21:00 Sat,0.053,23.73
2021-03-27 22:00 Sat,0.047,21.21
2021-03-27 23:00 Sat,0.04,17.98
2021-03-28 00:00 Sun,0.021,9.47
2021-03-28 01:00 Sun,0.019,8.38
2021-03-28 02:00 Sun,0.016,7.17
2021-03-28 03:00 Sun,0.01,4.42
2021-03-28 04:00 Sun,0.004,2.02
2021-03-28 05:00 Sun,0.008,3.46
2021-03-28 06:00 Sun,0.015,6.83
2021-03-28 07:00 Sun,0.018,8.2
2021-03-28 08:00 Sun,0.024,10.62
2021-03-28 09:00 Sun,0.04,17.79
2021-03-28 10:00 Sun,0.032,14.5
2021-03-28 11:00 Sun,0.043,19.18
2021-03-28 12:00 Sun,0.03,13.36
2021-03-28 13:00 Sun,0.024,10.58
2021-03-28 14:00 Sun,0.028,12.39
2021-03-28 15:00 Sun,0.035,15.85
2021-03-28 16:00 Sun,0.041,18.44
2021-03-28 17:00 Sun,0.047,21.08
2021-03-28 18:00 Sun,0.036,16.38
2021-03-28 19:00 Sun,0.06,26.87
2021-03-28 20:00 Sun,0.062,27.75
2021-03-28 21:00 Sun,0.075,33.55
2021-03-28 22:00 Sun,0.038,17.01
2021-03-28 23:00 Sun,0.03,13.67
2021-03-29 00:00 Mon,0.02,8.93
2021-03-29 01:00 Mon,0.01,4.34
2021-03-29 02:00 Mon,0.01,4.61
2021-03-29 03:00 Mon,0.01,4.33
2021-03-29 04:00 Mon,0.006,2.67
2021-03-29 05:00 Mon,0.007,3.1
2021-03-29 06:00 Mon,0.016,7.28
2021-03-29 07:00 Mon,0.029,13.16
2021-03-29 08:00 Mon,0.038,17.09
2021-03-29 09:00 Mon,0.048,21.47
2021-03-29 10:00 Mon,0.049,21.99
2021-03-29 11:00 Mon,0.046,20.81
2021-03-29 12:00 Mon,0.058,25.94
2021-03-29 13:00 Mon,0.054,24.08
2021-03-29 14:00 Mon,0.058,26
2021-03-29 15:00 Mon,0.055,24.73
2021-03-29 16:00 Mon,0.051,22.75
2021-03-29 17:00 Mon,0.057,25.61
2021-03-29 18:00 Mon,0.063,28.23
2021-03-29 19:00 Mon,0.064,28.72
2021-03-29 20:00 Mon,0.069,30.96
2021-03-29 21:00 Mon,0.073,32.97
2021-03-29 22:00 Mon,0.067,30.21
2021-03-29 23:00 Mon,0.034,15.35
2021-03-30 00:00 Tue,0.019,8.37
2021-03-30 01:00 Tue,0.017,7.5
2021-03-30 02:00 Tue,0.006,2.49
2021-03-30 03:00 Tue,0.005,2.36
2021-03-30 04:00 Tue,0.022,9.88
2021-03-30 05:00 Tue,0.032,14.43
2021-03-30 06:00 Tue,0.131,58.93
2021-03-30 07:00 Tue,0.066,29.91
2021-03-30 08:00 Tue,0.03,13.61
2021-03-30 09:00 Tue,0.05,22.5
2021-03-30 10:00 Tue,0.047,21.23
2021-03-30 11:00 Tue,0.054,24.16
2021-03-30 12:00 Tue,0.047,21.21
2021-03-30 13:00 Tue,0.05,22.44
2021-03-30 14:00 Tue,0.045,20.28
2021-03-30 15:00 Tue,0.053,23.88
2021-03-30 16:00 Tue,0.041,18.6
2021-03-30 17:00 Tue,0.121,54.61
2021-03-30 18:00 Tue,0.044,19.77
2021-03-30 19:00 Tue,0.052,23.56
2021-03-30 20:00 Tue,0.068,30.6
2021-03-30 21:00 Tue,0.066,29.84
2021-03-30 22:00 Tue,0.057,25.43
2021-03-30 23:00 Tue,0.039,17.52
2021-03-31 00:00 Wed,0.041,18.58
2021-03-31 01:00 Wed,0.021,9.28
2021-03-31 02:00 Wed,0.014,6.12
2021-03-31 03:00 Wed,0.015,6.92
2021-03-31 04:00 Wed,0.014,6.35
2021-03-31 05:00 Wed,0.026,11.84
2021-03-31 06:00 Wed,0.038,17.3
2021-03-31 07:00 Wed,0.051,22.82
2021-03-31 08:00 Wed,0.072,32.47
2021-03-31 09:00 Wed,0.076,34.38
2021-03-31 10:00 Wed,0.119,53.67
2021-03-31 11:00 Wed,0.072,32.36
2021-03-31 12:00 Wed,0.046,20.58
2021-03-31 13:00 Wed,0.057,25.58
2021-03-31 14:00 Wed,0.055,24.72
2021-03-31 15:00 Wed,0.051,23.05
2021-03-31 16:00 Wed,0.058,26.11
2021-03-31 17:00 Wed,0.035,15.58
2021-03-31 18:00 Wed,0.032,14.4
2021-03-31 19:00 Wed,0.044,19.79
2021-03-31 20:00 Wed,0.075,33.71
2021-03-31 21:00 Wed,0.085,38.05
2021-03-31 22:00 Wed,0.08,35.95
2021-03-31 23:00 Wed,0.047,21.36
2021-04-01 00:00 Thu,0.03,13.7
2021-04-01 01:00 Thu,0.034,15.24
2021-04-01 02:00 Thu,0.025,11.08
2021-04-01 03:00 Thu,0.021,9.65
2021-04-01 04:00 Thu,0.013,5.71
2021-04-01 05:00 Thu,0.018,8.2
2021-04-01 06:00 Thu,0.02,8.93
2021-04-01 07:00 Thu,0.028,12.67
2021-04-01 08:00 Thu,0.036,16.14
2021-04-01 09:00 Thu,0.051,22.81
2021-04-01 10:00 Thu,0.044,19.92
2021-04-01 11:00 Thu,0.055,24.57
2021-04-01 12:00 Thu,0.069,30.99
2021-04-01 13:00 Thu,0.058,25.88
2021-04-01 14:00 Thu,0.056,25.25
2021-04-01 15:00 Thu,0.083,37.55
2021-04-01 16:00 Thu,0.13,58.38
2021-04-01 17:00 Thu,0.091,40.74
2021-04-01 18:00 Thu,0.065,29.34
2021-04-01 19:00 Thu,0.058,26
2021-04-01 20:00 Thu,0.048,21.45
2021-04-01 21:00 Thu,0.059,26.56
2021-04-01 22:00 Thu,0.124,55.75
2021-04-01 23:00 Thu,0.094,42.48
2021-04-02 00:00 Fri,0.107,48.29
2021-04-02 01:00 Fri,0.021,9.43
2021-04-02 02:00 Fri,0.015,6.8
2021-04-02 03:00 Fri,0.016,7.37
2021-04-02 04:00 Fri,0.019,8.36
2021-04-02 05:00 Fri,0.018,8.28
2021-04-02 06:00 Fri,0.053,23.71
2021-04-02 07:00 Fri,0.029,13.04
2021-04-02 08:00 Fri,0.031,13.9
2021-04-02 09:00 Fri,0.039,17.73
2021-04-02 10:00 Fri,0.042,18.8
2021-04-02 11:00 Fri,0.044,19.89
2021-04-02 12:00 Fri,0.048,21.4
2021-04-02 13:00 Fri,0.043,19.19
2021-04-02 14:00 Fri,0.041,18.44
2021-04-02 15:00 Fri,0.06,26.99
2021-04-02 16:00 Fri,0.051,22.96
2021-04-02 17:00 Fri,0.07,31.37
2021-04-02 18:00 Fri,0.112,50.37
2021-04-02 19:00 Fri,0.093,41.92
2021-04-02 20:00 Fri,0.059,26.55
2021-04-02 21:00 Fri,0.07,31.58
2021-04-02 22:00 Fri,0.058,26.04
2021-04-02 23:00 Fri,0.047,21.24
2021-04-03 00:00 Sat,0.032,14.35
2021-04-03 01:00 Sat,0.028,12.5
2021-04-03 02:00 Sat,0.013,5.99
2021-04-03 03:00 Sat,0.011,4.92
2021-04-03 04:00 Sat,0.017,7.55
2021-04-03 05:00 Sat,0.008,3.57
2021-04-03 06:00 Sat,0.013,5.87
2021-04-03 07:00 Sat,0.028,12.75
2021-04-03 08:00 Sat,0.023,10.47
2021-04-03 09:00 Sat,0.032,14.57
2021-04-03 10:00 Sat,0.027,12.36
2021-04-03 11:00 Sat,0.019,8.46
2021-04-03 12:00 Sat,0.024,11.01
2021-04-03 13:00 Sat,0.024,10.87
2021-04-03 14:00 Sat,0.037,16.44
2021-04-03 15:00 Sat,0.039,17.67
2021-04-03 16:00 Sat,0.034,15.17
2021-04-03 17:00 Sat,0.043,19.47
2021-04-03 18:00 Sat,0.047,21.12
2021-04-03 19:00 Sat,0.055,24.56
2021-04-03 20:00 Sat,0.059,26.47
2021-04-03 21:00 Sat,0.067,30.37
2021-04-03 22:00 Sat,0.083,37.45
2021-04-03 23:00 Sat,0.054,24.37
2021-04-04 00:00 Sun,0.026,11.76
2021-04-04 01:00 Sun,0.024,10.83
2021-04-04 02:00 Sun,0.017,7.77
2021-04-04 03:00 Sun,0.007,3.12
2021-04-04 04:00 Sun,0.001,0.42
2021-04-04 05:00 Sun,0.005,2.32
2021-04-04 06:00 Sun,0.013,5.8
2021-04-04 07:00 Sun,0.033,14.71
2021-04-04 08:00 Sun,0.028,12.6
2021-04-04 09:00 Sun,0.037,16.49
2021-04-04 10:00 Sun,0.051,23.11
2021-04-04 11:00 Sun,0.051,23.16
2021-04-04 12:00 Sun,0.044,19.78
2021-04-04 13:00 Sun,0.037,16.48
2021-04-04 14:00 Sun,0.054,24.33
2021-04-04 15:00 Sun,0.067,30.18
2021-04-04 16:00 Sun,0.054,24.4
2021-04-04 17:00 Sun,0.032,14.32
2021-04-04 18:00 Sun,0.048,21.51
2021-04-04 19:00 Sun,0.054,24.41
2021-04-04 20:00 Sun,0.065,29.38
2021-04-04 21:00 Sun,0.083,37.48
2021-04-04 22:00 Sun,0.08,36.06
2021-04-04 23:00 Sun,0.043,19.36
2021-04-05 00:00 Mon,0.031,13.76
2021-04-05 01:00 Mon,0.053,24.05
2021-04-05 02:00 Mon,0.036,16.26
2021-04-05 03:00 Mon,0.024,10.67
2021-04-05 04:00 Mon,0.022,9.95
2021-04-05 05:00 Mon,0.013,5.92
2021-04-05 06:00 Mon,0.02,8.96
2021-04-05 07:00 Mon,0.03,13.39
2021-04-05 08:00 Mon,0.031,13.95
2021-04-05 09:00 Mon,0.025,11.25
2021-04-05 10:00 Mon,0.034,15.23
2021-04-05 11:00 Mon,0.025,11.46
2021-04-05 12:00 Mon,0.036,16.01
2021-04-05 13:00 Mon,0.03,13.69
2021-04-05 14:00 Mon,0.029,13.17
2021-04-05 15:00 Mon,0.03,13.38
2021-04-05 16:00 Mon,0.029,13.09
2021-04-05 17:00 Mon,0.036,16.33
2021-04-05 18:00 Mon,0.031,14.16
2021-04-05 19:00 Mon,0.052,23.58
2021-04-05 20:00 Mon,0.052,23.34
2021-04-05 21:00 Mon,0.054,24.26
2021-04-05 22:00 Mon,0.036,16.17
2021-04-05 23:00 Mon,0.026,11.76
2021-04-06 00:00 Tue,0.042,18.87
2021-04-06 01:00 Tue,0.017,7.5
2021-04-06 02:00 Tue,0.012,5.54
2021-04-06 03:00 Tue,0.012,5.32
2021-04-06 04:00 Tue,0.012,5.56
2021-04-06 05:00 Tue,0.013,5.84
2021-04-06 06:00 Tue,0.027,11.99
2021-04-06 07:00 Tue,0.035,15.82
2021-04-06 08:00 Tue,0.034,15.11
2021-04-06 09:00 Tue,0.033,14.82
2021-04-06 10:00 Tue,0.029,13.23
2021-04-06 11:00 Tue,0.027,12.15
2021-04-06 12:00 Tue,0.025,11.06
2021-04-06 13:00 Tue,0.027,11.98
2021-04-06 14:00 Tue,0.038,17.12
2021-04-06 15:00 Tue,0.041,18.63
2021-04-06 16:00 Tue,0.041,18.49
2021-04-06 17:00 Tue,0.03,13.38
2021-04-06 18:00 Tue,0.04,17.78
2021-04-06 19:00 Tue,0.042,18.7
2021-04-06 20:00 Tue,0.061,27.56
2021-04-06 21:00 Tue,0.065,29.32
2021-04-06 22:00 Tue,0.04,18.13
2021-04-06 23:00 Tue,0.027,12.01
2021-04-07 00:00 Wed,0.021,9.61
2021-04-07 01:00 Wed,0.019,8.54
2021-04-07 02:00 Wed,0.011,4.75
2021-04-07 03:00 Wed,0.009,4.04
2021-04-07 04:00 Wed,0.013,6.07
2021-04-07 05:00 Wed,0.012,5.48
2021-04-07 06:00 Wed,0.029,13.04
2021-04-07 07:00 Wed,0.021,9.28
2021-04-07 08:00 Wed,0.032,14.45
2021-04-07 09:00 Wed,0.039,17.7
2021-04-07 10:00 Wed,0.036,16.34
2021-04-07 11:00 Wed,0.04,18.08
2021-04-07 12:00 Wed,0.045,20.33
2021-04-07 13:00 Wed,0.058,25.99
2021-04-07 14:00 Wed,0.054,24.47
2021-04-07 15:00 Wed,0.058,26.05
2021-04-07 16:00 Wed,0.049,21.83
2021-04-07 17:00 Wed,0.048,21.66
2021-04-07 18:00 Wed,0.051,22.92
2021-04-07 19:00 Wed,0.046,20.72
2021-04-07 20:00 Wed,0.05,22.72
2021-04-07 21:00 Wed,0.067,29.99
2021-04-07 22:00 Wed,0.071,32.17
2021-04-07 23:00 Wed,0.056,25.03
2021-04-08 00:00 Thu,0.035,15.86
2021-04-08 01:00 Thu,0.03,13.69
2021-04-08 02:00 Thu,0.028,12.63
2021-04-08 03:00 Thu,0.017,7.74
2021-04-08 04:00 Thu,0.013,5.97
2021-04-08 05:00 Thu,0.019,8.76
2021-04-08 06:00 Thu,0.023,10.3
2021-04-08 07:00 Thu,0.022,9.77
2021-04-08 08:00 Thu,0.038,17.02
2021-04-08 09:00 Thu,0.051,22.73
2021-04-08 10:00 Thu,0.046,20.73
2021-04-08 11:00 Thu,0.042,18.71
2021-04-08 12:00 Thu,0.034,15.32
2021-04-08 13:00 Thu,0.037,16.66
2021-04-08 14:00 Thu,0.047,21.11
2021-04-08 15:00 Thu,0.056,25.39
2021-04-08 16:00 Thu,0.051,23.16
2021-04-08 17:00 Thu,0.05,22.3
2021-04-08 18:00 Thu,0.042,19.12
2021-04-08 19:00 Thu,0.05,22.71
2021-04-08 20:00 Thu,0.043,19.46
2021-04-08 21:00 Thu,0.063,28.47
2021-04-08 22:00 Thu,0.082,36.92
2021-04-08 23:00 Thu,0.059,26.67
2021-04-09 00:00 Fri,0.041,18.52
2021-04-09 01:00 Fri,0.029,12.85
2021-04-09 02:00 Fri,0.013,5.63
2021-04-09 03:00 Fri,0.01,4.59
2021-04-09 04:00 Fri,0.005,2.03
2021-04-09 05:00 Fri,0.004,1.84
2021-04-09 06:00 Fri,0.012,5.38
2021-04-09 07:00 Fri,0.018,8.27
2021-04-09 08:00 Fri,0.033,14.99
2021-04-09 09:00 Fri,0.037,16.62
2021-04-09 10:00 Fri,0.037,16.43
2021-04-09 11:00 Fri,0.034,15.1
2021-04-09 12:00 Fri,0.03,13.29
2021-04-09 13:00 Fri,0.029,13.12
2021-04-09 14:00 Fri,0.032,14.5
2021-04-09 15:00 Fri,0.034,15.52
2021-04-09 16:00 Fri,0.056,25.33
2021-04-09 17:00 Fri,0.058,26.1
2021-04-09 18:00 Fri,0.044,19.91
2021-04-09 19:00 Fri,0.033,15
2021-04-09 20:00 Fri,0.065,29.03
2021-04-09 21:00 Fri,0.06,27.1
2021-04-09 22:00 Fri,,
2021-04-09 23:00 Fri,,
2021-04-10 00:00 Sat,0.016,7.28
2021-04-10 01:00 Sat,0.021,9.32
2021-04-10 02:00 Sat,0.025,11.26
2021-04-10 03:00 Sat,0.017,7.86
2021-04-10 04:00 Sat,0.011,5.16
2021-04-10 05:00 Sat,0.01,4.48
2021-04-10 06:00 Sat,0.013,5.67
2021-04-10 07:00 Sat,0.023,10.53
2021-04-10 08:00 Sat,0.034,15.21
2021-04-10 09:00 Sat,0.033,14.63
2021-04-10 10:00 Sat,0.043,19.23
2021-04-10 11:00 Sat,0.028,12.38
2021-04-10 12:00 Sat,0.049,21.89
2021-04-10 13:00 Sat,0.035,15.71
2021-04-10 14:00 Sat,0.039,17.75
2021-04-10 15:00 Sat,0.04,18.05
2021-04-10 16:00 Sat,0.066,29.84
2021-04-10 17:00 Sat,0.066,29.89
2021-04-10 18:00 Sat,0.065,29.37
2021-04-10 19:00 Sat,0.066,29.63
2021-04-10 20:00 Sat,0.076,33.99
2021-04-10 21:00 Sat,0.082,36.7
2021-04-10 22:00 Sat,0.095,42.62
2021-04-10 23:00 Sat,0.081,36.47
2021-04-11 00:00 Sun,0.051,23.1
2021-04-11 01:00 Sun,0.035,15.84
2021-04-11 02:00 Sun,0.034,15.48
2021-04-11 03:00 Sun,0.038,17.14
2021-04-11 04:00 Sun,0.031,13.77
2021-04-11 05:00 Sun,0.029,13.06
2021-04-11 06:00 Sun,0.038,17
2021-04-11 07:00 Sun,0.026,11.59
2021-04-11 08:00 Sun,0.036,16.04
2021-04-11 09:00 Sun,0.029,13.01
2021-04-11 10:00 Sun,0.028,12.73
2021-04-11 11:00 Sun,0.022,9.95
2021-04-11 12:00 Sun,0.036,16.02
2021-04-11 13:00 Sun,0.031,14.16
2021-04-11 14:00 Sun,0.041,18.65
2021-04-11 15:00 Sun,0.053,23.63
2021-04-11 16:00 Sun,0.059,26.51
2021-04-11 17:00 Sun,0.102,46
2021-04-11 18:00 Sun,0.113,50.84
2021-04-11 19:00 Sun,0.127,57.03
2021-04-11 20:00 Sun,0.114,51.51
2021-04-11 21:00 Sun,0.104,46.75
2021-04-11 22:00 Sun,0.045,20.4
2021-04-11 23:00 Sun,0.042,19.11
2021-04-12 00:00 Mon,0.033,14.84
2021-04-12 01:00 Mon,0.023,10.51
2021-04-12 02:00 Mon,0.016,6.99
2021-04-12 03:00 Mon,0.014,6.47
2021-04-12 04:00 Mon,0.007,3.23
2021-04-12 05:00 Mon,0.005,2.34
2021-04-12 06:00 Mon,0.019,8.74
2021-04-12 07:00 Mon,0.04,17.87
2021-04-12 08:00 Mon,0.038,16.91
2021-04-12 09:00 Mon,0.05,22.46
2021-04-12 10:00 Mon,0.052,23.32
2021-04-12 11:00 Mon,0.047,21.27
2021-04-12 12:00 Mon,0.049,22.27
2021-04-12 13:00 Mon,0.053,23.72
2021-04-12 14:00 Mon,0.079,35.66
2021-04-12 15:00 Mon,0.064,29.01
2021-04-12 16:00 Mon,0.055,24.68
2021-04-12 17:00 Mon,0.082,36.9
2021-04-12 18:00 Mon,0.086,38.62
2021-04-12 19:00 Mon,0.058,26.1
2021-04-12 20:00 Mon,0.056,25.34
2021-04-12 21:00 Mon,0.062,27.72
2021-04-12 22:00 Mon,0.056,25.16
2021-04-12 23:00 Mon,0.055,24.71
2021-04-13 00:00 Tue,0.029,13.24
2021-04-13 01:00 Tue,0.019,8.71
2021-04-13 02:00 Tue,0.015,6.54
2021-04-13 03:00 Tue,0.01,4.66
2021-04-13 04:00 Tue,0.013,5.77
2021-04-13 05:00 Tue,0.011,5.02
2021-04-13 06:00 Tue,0.017,7.87
2021-04-13 07:00 Tue,0.032,14.32
2021-04-13 08:00 Tue,0.037,16.65
2021-04-13 09:00 Tue,0.04,18.15
2021-04-13 10:00 Tue,0.045,20.13
2021-04-13 11:00 Tue,0.056,25.39
2021-04-13 12:00 Tue,0.049,21.96
2021-04-13 13:00 Tue,0.091,41.01
2021-04-13 14:00 Tue,0.063,28.27
2021-04-13 15:00 Tue,0.057,25.66
2021-04-13 16:00 Tue,0.08,35.78
2021-04-13 17:00 Tue,0.114,51.19
2021-04-13 18:00 Tue,0.067,30.31
2021-04-13 19:00 Tue,0.062,27.8
2021-04-13 20:00 Tue,0.064,28.99
2021-04-13 21:00 Tue,0.056,25.35
2021-04-13 22:00 Tue,0.063,28.36
2021-04-13 23:00 Tue,0.06,26.9
2021-04-14 00:00 Wed,0.023,10.35
2021-04-14 01:00 Wed,0.01,4.6
2021-04-14 02:00 Wed,0.008,3.59
2021-04-14 03:00 Wed,0.006,2.62
2021-04-14 04:00 Wed,0.011,4.84
2021-04-14 05:00 Wed,0.014,6.34
2021-04-14 06:00 Wed,0.019,8.35
2021-04-14 07:00 Wed,0.036,16.34
2021-04-14 08:00 Wed,0.042,18.74
2021-04-14 09:00 Wed,0.042,19.08
2021-04-14 10:00 Wed,0.037,16.52
2021-04-14 11:00 Wed,0.038,17.25
2021-04-14 12:00 Wed,0.044,19.76
2021-04-14 13:00 Wed,0.043,19.43
2021-04-14 14:00 Wed,0.055,24.75
2021-04-14 15:00 Wed,0.058,26.32
2021-04-14 16:00 Wed,0.057,25.66
2021-04-14 17:00 Wed,0.07,31.52
2021-04-14 18:00 Wed,0.059,26.74
2021-04-14 19:00 Wed,0.05,22.43
2021-04-14 20:00 Wed,0.054,24.41
2021-04-14 21:00 Wed,0.064,28.62
2021-04-14 22:00 Wed,0.045,20.27
2021-04-14 23:00 Wed,0.033,14.79
2021-04-15 00:00 Thu,0.023,10.25
2021-04-15 01:00 Thu,0.015,6.82
2021-04-15 02:00 Thu,0.012,5.52
2021-04-15 03:00 Thu,0.011,4.98
2021-04-15 04:00 Thu,0.007,3.31
2021-04-15 05:00 Thu,0.017,7.65
2021-04-15 06:00 Thu,0.031,13.81
2021-04-15 07:00 Thu,0.045,20.27
2021-04-15 08:00 Thu,0.059,26.57
2021-04-15 09:00 Thu,0.067,29.98
2021-04-15 10:00 Thu,0.057,25.81
2021-04-15 11:00 Thu,0.075,33.66
2021-04-15 12:00 Thu,0.064,28.71
2021-04-15 13:00 Thu,0.063,28.43
2021-04-15 14:00 Thu,0.058,26.03
2021-04-15 15:00 Thu,0.047,20.94
2021-04-15 16:00 Thu,0.047,21
2021-04-15 17:00 Thu,0.058,25.92
2021-04-15 18:00 Thu,0.042,19.04
2021-04-15 19:00 Thu,0.043,19.32
2021-04-15 20:00 Thu,0.069,31.19
2021-04-15 21:00 Thu,0.079,35.69
2021-04-15 22:00 Thu,0.07,31.47
2021-04-15 23:00 Thu,0.031,13.94
2021-04-16 00:00 Fri,0.039,17.53
2021-04-16 01:00 Fri,0.02,8.8
2021-04-16 02:00 Fri,0.02,8.8
2021-04-16 03:00 Fri,0.01,4.35
2021-04-16 04:00 Fri,0.009,4.12
2021-04-16 05:00 Fri,0.006,2.84
2021-04-16 06:00 Fri,0.015,6.66
2021-04-16 07:00 Fri,0.036,16.09
2021-04-16 08:00 Fri,0.047,20.94
2021-04-16 09:00 Fri,0.054,24.2
2021-04-16 10:00 Fri,0.039,17.72
2021-04-16 11:00 Fri,0.038,17.2
2021-04-16 12:00 Fri,0.038,17.21
2021-04-16 13:00 Fri,0.042,19
2021-04-16 14:00 Fri,0.051,23.1
2021-04-16 15:00 Fri,0.054,24.14
2021-04-16 16:00 Fri,0.025,11.43
2021-04-16 17:00 Fri,0.029,13.19
2021-04-16 18:00 Fri,0.06,26.91
2021-04-16 19:00 Fri,0.097,43.82
2021-04-16 20:00 Fri,0.089,39.87
2021-04-16 21:00 Fri,0.096,43.14
2021-04-16 22:00 Fri,0.109,48.97
2021-04-16 23:00 Fri,0.053,23.83
2021-04-17 00:00 Sat,0.043,19.38
2021-04-17 01:00 Sat,0.041,18.62
2021-04-17 02:00 Sat,0.035,15.69
2021-04-17 03:00 Sat,0.027,12.35
2021-04-17 04:00 Sat,0.015,6.68
2021-04-17 05:00 Sat,0.008,3.49
2021-04-17 06:00 Sat,0.019,8.55
2021-04-17 07:00 Sat,0.021,9.46
2021-04-17 08:00 Sat,0.033,14.8
2021-04-17 09:00 Sat,0.031,13.87
2021-04-17 10:00 Sat,0.027,12.34
2021-04-17 11:00 Sat,0.021,9.37
2021-04-17 12:00 Sat,0.041,18.54
2021-04-17 13:00 Sat,0.047,21.22
2021-04-17 14:00 Sat,0.046,20.83
2021-04-17 15:00 Sat,0.056,25.38
2021-04-17 16:00 Sat,0.044,19.8
2021-04-17 17:00 Sat,0.058,26.01
2021-04-17 18:00 Sat,0.082,36.89
2021-04-17 19:00 Sat,0.08,36.04
2021-04-17 20:00 Sat,0.054,24.17
2021-04-17 21:00 Sat,0.071,31.91
2021-04-17 22:00 Sat,0.097,43.63
2021-04-17 23:00 Sat,0.071,32.06
2021-04-18 00:00 Sun,0.042,19.01
2021-04-18 01:00 Sun,0.026,11.69
2021-04-18 02:00 Sun,0.025,11.34
2021-04-18 03:00 Sun,0.007,3.3
2021-04-18 04:00 Sun,0.005,2.2
2021-04-18 05:00 Sun,0.017,7.66
2021-04-18 06:00 Sun,0.015,6.56
2021-04-18 07:00 Sun,0.039,17.41
2021-04-18 08:00 Sun,0.04,17.93
2021-04-18 09:00 Sun,0.05,22.65
2021-04-18 10:00 Sun,0.049,22.25
2021-04-18 11:00 Sun,0.045,20.05
2021-04-18 12:00 Sun,0.048,21.73
2021-04-18 13:00 Sun,0.076,34.13
2021-04-18 14:00 Sun,0.077,34.71
2021-04-18 15:00 Sun,0.057,25.47
2021-04-18 16:00 Sun,0.042,18.92
2021-04-18 17:00 Sun,0.064,28.68
2021-04-18 18:00 Sun,0.069,31.23
2021-04-18 19:00 Sun,0.106,47.63
2021-04-18 20:00 Sun,0.082,37.08
2021-04-18 21:00 Sun,0.079,35.52
2021-04-18 22:00 Sun,0.072,32.31
2021-04-18 23:00 Sun,0.041,18.47
2021-04-19 00:00 Mon,0.042,18.9
2021-04-19 01:00 Mon,0.032,14.29
2021-04-19 02:00 Mon,0.019,8.71
2021-04-19 03:00 Mon,0.009,3.93
2021-04-19 04:00 Mon,0.017,7.76
2021-04-19 05:00 Mon,0.026,11.78
2021-04-19 06:00 Mon,0.02,9.09
2021-04-19 07:00 Mon,0.034,15.24
2021-04-19 08:00 Mon,0.049,21.87
2021-04-19 09:00 Mon,0.05,22.55
2021-04-19 10:00 Mon,0.062,27.76
2021-04-19 11:00 Mon,0.068,30.57
2021-04-19 12:00 Mon,0.088,39.62
2021-04-19 13:00 Mon,0.049,22.18
2021-04-19 14:00 Mon,0.065,29.38
2021-04-19 15:00 Mon,0.055,24.9
2021-04-19 16:00 Mon,0.076,34
2021-04-19 17:00 Mon,0.071,31.98
2021-04-19 18:00 Mon,0.059,26.49
2021-04-19 19:00 Mon,0.088,39.52
2021-04-19 20:00 Mon,0.093,41.86
2021-04-19 21:00 Mon,0.15,67.66
2021-04-19 22:00 Mon,0.052,23.52
2021-04-19 23:00 Mon,0.049,21.84
2021-04-20 00:00 Tue,0.06,27.1
2021-04-20 01:00 Tue,0.061,27.66
2021-04-20 02:00 Tue,0.058,26.2
2021-04-20 03:00 Tue,0.051,22.78
2021-04-20 04:00 Tue,0.009,4.17
2021-04-20 05:00 Tue,0.019,8.72
2021-04-20 06:00 Tue,0.034,15.11
2021-04-20 07:00 Tue,0.029,13.12
2021-04-20 08:00 Tue,0.043,19.32
2021-04-20 09:00 Tue,0.053,24.02
2021-04-20 10:00 Tue,0.042,18.68
2021-04-20 11:00 Tue,0.037,16.87
2021-04-20 12:00 Tue,0.053,24.04
2021-04-20 13:00 Tue,0.043,19.45
2021-04-20 14:00 Tue,0.053,23.98
2021-04-20 15:00 Tue,0.061,27.39
2021-04-20 16:00 Tue,0.057,25.43
2021-04-20 17:00 Tue,0.053,23.94
2021-04-20 18:00 Tue,0.05,22.44
2021-04-20 19:00 Tue,0.035,15.69
2021-04-20 20:00 Tue,0.057,25.62
2021-04-20 21:00 Tue,0.078,35.18
2021-04-20 22:00 Tue,0.051,23.03
2021-04-20 23:00 Tue,0.063,28.4
2021-04-21 00:00 Wed,0.027,12.13
2021-04-21 01:00 Wed,0.021,9.3
2021-04-21 02:00 Wed,0.006,2.8
2021-04-21 03:00 Wed,0.006,2.92
2021-04-21 04:00 Wed,0.007,3.27
2021-04-21 05:00 Wed,0.012,5.37
2021-04-21 06:00 Wed,0.029,13.19
2021-04-21 07:00 Wed,0.045,20.15
2021-04-21 08:00 Wed,0.084,37.95
2021-04-21 09:00 Wed,0.047,21.14
2021-04-21 10:00 Wed,0.046,20.5
2021-04-21 11:00 Wed,0.061,27.49
2021-04-21 12:00 Wed,0.044,19.6
2021-04-21 13:00 Wed,0.043,19.51
2021-04-21 14:00 Wed,0.043,19.36
2021-04-21 15:00 Wed,0.042,19.12
2021-04-21 16:00 Wed,0.053,23.89
2021-04-21 17:00 Wed,0.043,19.16
2021-04-21 18:00 Wed,0.032,14.57
2021-04-21 19:00 Wed,0.139,62.46
2021-04-21 20:00 Wed,0.144,64.85
2021-04-21 21:00 Wed,0.115,51.64
2021-04-21 22:00 Wed,0.078,35.18
2021-04-21 23:00 Wed,0.133,59.89
2021-04-22 00:00 Thu,0.084,38.02
2021-04-22 01:00 Thu,0.043,19.5
2021-04-22 02:00 Thu,0.038,17.28
2021-04-22 03:00 Thu,0.032,14.37
2021-04-22 04:00 Thu,0.02,9.19
2021-04-22 05:00 Thu,0.032,14.33
2021-04-22 06:00 Thu,0.049,21.9
2021-04-22 07:00 Thu,0.072,32.57
2021-04-22 08:00 Thu,0.074,33.1
2021-04-22 09:00 Thu,0.037,16.46
2021-04-22 10:00 Thu,0.036,16.11
2021-04-22 11:00 Thu,0.048,21.7
2021-04-22 12:00 Thu,0.043,19.31
2021-04-22 13:00 Thu,0.051,22.86
2021-04-22 14:00 Thu,0.054,24.2
2021-04-22 15:00 Thu,0.041,18.3
2021-04-22 16:00 Thu,0.042,19.06
2021-04-22 17:00 Thu,0.064,28.63
2021-04-22 18:00 Thu,0.041,18.29
2021-04-22 19:00 Thu,0.049,22.06
2021-04-22 20:00 Thu,0.076,34.42
2021-04-22 21:00 Thu,0.082,36.79
2021-04-22 22:00 Thu,0.053,24.05
2021-04-22 23:00 Thu,0.045,20.2
2021-04-23 00:00 Fri,0.036,16.19
2021-04-23 01:00 Fri,0.086,38.66
2021-04-23 02:00 Fri,0.014,6.4
2021-04-23 03:00 Fri,0.02,8.95
2021-04-23 04:00 Fri,0.004,1.97
2021-04-23 05:00 Fri,0.007,3.24
2021-04-23 06:00 Fri,0.02,8.86
2021-04-23 07:00 Fri,0.037,16.51
2021-04-23 08:00 Fri,0.056,25.18
2021-04-23 09:00 Fri,0.059,26.4
2021-04-23 10:00 Fri,0.04,17.94
2021-04-23 11:00 Fri,0.049,22.02
2021-04-23 12:00 Fri,0.044,19.95
2021-04-23 13:00 Fri,0.044,19.95
2021-04-23 14:00 Fri,0.057,25.47
2021-04-23 15:00 Fri,0.04,18.21
2021-04-23 16:00 Fri,0.032,14.61
2021-04-23 17:00 Fri,0.039,17.52
2021-04-23 18:00 Fri,0.056,25.24
2021-04-23 19:00 Fri,0.062,27.99
2021-04-23 20:00 Fri,0.069,30.94
2021-04-23 21:00 Fri,0.081,36.41
2021-04-23 22:00 Fri,0.072,32.24
2021-04-23 23:00 Fri,0.066,29.55
2021-04-24 00:00 Sat,0.043,19.33
2021-04-24 01:00 Sat,0.025,11.38
2021-04-24 02:00 Sat,0.011,4.79
2021-04-24 03:00 Sat,0.019,8.68
2021-04-24 04:00 Sat,0.008,3.62
2021-04-24 05:00 Sat,0.01,4.66
2021-04-24 06:00 Sat,0.014,6.28
2021-04-24 07:00 Sat,0.025,11.08
2021-04-24 08:00 Sat,0.037,16.82
2021-04-24 09:00 Sat,0.053,24.01
2021-04-24 10:00 Sat,0.083,37.43
2021-04-24 11:00 Sat,0.086,38.65
2021-04-24 12:00 Sat,0.077,34.66
2021-04-24 13:00 Sat,0.076,34.07
2021-04-24 14:00 Sat,0.056,25.38
2021-04-24 15:00 Sat,0.046,20.57
2021-04-24 16:00 Sat,0.046,20.57
2021-04-24 17:00 Sat,0.057,25.63
2021-04-24 18:00 Sat,0.065,29.16
2021-04-24 19:00 Sat,0.043,19.55
2021-04-24 20:00 Sat,0.066,29.57
2021-04-24 21:00 Sat,0.092,41.49
2021-04-24 22:00 Sat,0.087,39.23
2021-04-24 23:00 Sat,0.075,33.85
2021-04-25 00:00 Sun,0.024,10.79
2021-04-25 01:00 Sun,0.02,9.02
2021-04-25 02:00 Sun,0.022,9.88
2021-04-25 03:00 Sun,0.01,4.43
2021-04-25 04:00 Sun,0.012,5.32
2021-04-25 05:00 Sun,0.025,11.43
2021-04-25 06:00 Sun,0.026,11.5
2021-04-25 07:00 Sun,0.028,12.79
2021-04-25 08:00 Sun,0.058,26.16
2021-04-25 09:00 Sun,0.05,22.47
2021-04-25 10:00 Sun,0.039,17.38
2021-04-25 11:00 Sun,0.047,21.26
2021-04-25 12:00 Sun,0.048,21.38
2021-04-25 13:00 Sun,0.05,22.37
2021-04-25 14:00 Sun,0.052,23.36
2021-04-25 15:00 Sun,0.056,25.05
2021-04-25 16:00 Sun,0.061,27.42
2021-04-25 17:00 Sun,0.065,29.15
2021-04-25 18:00 Sun,0.043,19.49
2021-04-25 19:00 Sun,0.035,15.78
2021-04-25 20:00 Sun,0.083,37.49
2021-04-25 21:00 Sun,0.105,47.18
2021-04-25 22:00 Sun,0.055,24.82
2021-04-25 23:00 Sun,0.037,16.83
2021-04-26 00:00 Mon,0.02,9.14
2021-04-26 01:00 Mon,0.013,6.07
2021-04-26 02:00 Mon,0.003,1.56
2021-04-26 03:00 Mon,0.001,0.67
2021-04-26 04:00 Mon,0.001,0.57
2021-04-26 05:00 Mon,0.01,4.28
2021-04-26 06:00 Mon,0.018,8.03
2021-04-26 07:00 Mon,0.037,16.82
2021-04-26 08:00 Mon,0.052,23.42
2021-04-26 09:00 Mon,0.058,26.08
2021-04-26 10:00 Mon,0.04,17.81
2021-04-26 11:00 Mon,0.033,14.89
2021-04-26 12:00 Mon,0.03,13.58
2021-04-26 13:00 Mon,0.035,15.7
2021-04-26 14:00 Mon,0.03,13.57
2021-04-26 15:00 Mon,0.042,19.04
2021-04-26 16:00 Mon,0.034,15.13
2021-04-26 17:00 Mon,0.031,14.06
2021-04-26 18:00 Mon,0.038,17.23
2021-04-26 19:00 Mon,0.033,14.97
2021-04-26 20:00 Mon,0.037,16.8
2021-04-26 21:00 Mon,0.056,25.24
2021-04-26 22:00 Mon,0.063,28.39
2021-04-26 23:00 Mon,0.025,11.22
2021-04-27 00:00 Tue,0.029,13.04
2021-04-27 01:00 Tue,0.02,9.12
2021-04-27 02:00 Tue,0.01,4.6
2021-04-27 03:00 Tue,0.009,4.14
2021-04-27 04:00 Tue,0.004,1.76
2021-04-27 05:00 Tue,0.005,2.07
2021-04-27 06:00 Tue,0.013,6.06
2021-04-27 07:00 Tue,0.034,15.41
2021-04-27 08:00 Tue,0.036,16.24
2021-04-27 09:00 Tue,0.037,16.67
2021-04-27 10:00 Tue,0.045,20.28
2021-04-27 11:00 Tue,0.038,16.99
2021-04-27 12:00 Tue,0.04,17.89
2021-04-27 13:00 Tue,0.047,21.13
2021-04-27 14:00 Tue,0.046,20.51
2021-04-27 15:00 Tue,0.044,19.65
2021-04-27 16:00 Tue,0.044,20.01
2021-04-27 17:00 Tue,0.063,28.46
2021-04-27 18:00 Tue,0.054,24.16
2021-04-27 19:00 Tue,0.047,21.28
2021-04-27 20:00 Tue,0.064,29.01
2021-04-27 21:00 Tue,0.102,45.74
2021-04-27 22:00 Tue,0.064,28.68
2021-04-27 23:00 Tue,0.039,17.38
2021-04-28 00:00 Wed,0.032,14.23
2021-04-28 01:00 Wed,0.035,15.75
2021-04-28 02:00 Wed,0.038,16.9
2021-04-28 03:00 Wed,0.041,18.47
2021-04-28 04:00 Wed,0.013,5.74
2021-04-28 05:00 Wed,0.01,4.42
2021-04-28 06:00 Wed,0.02,8.81
2021-04-28 07:00 Wed,0.025,11.37
2021-04-28 08:00 Wed,0.036,16.41
2021-04-28 09:00 Wed,0.046,20.88
2021-04-28 10:00 Wed,0.047,21.14
2021-04-28 11:00 Wed,0.047,21.01
2021-04-28 12:00 Wed,0.044,19.7
2021-04-28 13:00 Wed,0.041,18.65
2021-04-28 14:00 Wed,0.029,13.13
2021-04-28 15:00 Wed,0.035,15.75
2021-04-28 16:00 Wed,0.042,18.81
2021-04-28 17:00 Wed,0.104,46.91
2021-04-28 18:00 Wed,-2.895,-1302.63
2021-04-28 19:00 Wed,0.124,55.87
2021-04-28 20:00 Wed,0.107,48.03
2021-04-28 21:00 Wed,0.06,27.13
2021-04-28 22:00 Wed,0.08,36.11
2021-04-28 23:00 Wed,0.048,21.65
